"","id","long","lat","region"
"1",1,-4.143452,5.342044,"Lagunes"
"2",2,-3.913602,5.341612,"Lagunes"
"3",3,-3.967045,5.263331,"Lagunes"
"4",4,-4.070007,5.451365,"Lagunes"
"5",5,-3.496235,6.72941,"Moyen-Comoé"
"6",6,-3.485944,6.729422,"Moyen-Comoé"
"7",7,-3.981175,5.273144,"Lagunes"
"8",8,-3.911705,5.85801,"Agnéby"
"9",9,-4.014445,5.42112,"Lagunes"
"10",10,-4.0216,5.446905,"Lagunes"
"11",11,-4.006585,5.435913,"Lagunes"
"12",12,-4.018753,5.420699,"Lagunes"
"13",13,-3.997226,5.417191,"Lagunes"
"14",14,-3.99805,5.407898,"Lagunes"
"15",15,-3.211737,5.469107,"Sud-Comoé"
"16",16,-4.095467,6.66473,"N'zi-Comoé"
"17",17,-3.543346,6.221734,"Agnéby"
"18",18,-4.531543,5.888553,"Agnéby"
"19",19,-3.164583,5.29179,"Sud-Comoé"
"20",20,-4.110951,5.315826,"Lagunes"
"21",21,-5.222521,5.31805,"Sud-Bandama"
"22",22,-3.267292,5.422211,"Sud-Comoé"
"23",23,-4.643405,5.175587,"Lagunes"
"24",24,-5.829559,5.503682,"Bas-Sassandra"
"25",25,-3.312813,5.30441,"Sud-Comoé"
"26",26,-4.196007,5.318276,"Lagunes"
"27",27,-4.025873,5.349383,"Lagunes"
"28",28,-6.850079,4.770215,"Bas-Sassandra"
"29",29,-3.886351,5.241777,"Lagunes"
"30",30,-3.854787,6.091386,"Agnéby"
"31",31,-3.932052,5.25524,"Lagunes"
"32",32,-3.932886,5.254522,"Lagunes"
"33",33,-3.936289,5.255852,"Lagunes"
"34",34,-3.932173,5.255158,"Lagunes"
"35",35,-3.389103,6.65709,"Moyen-Comoé"
"36",36,-3.943785,6.324254,"Agnéby"
"37",37,-2.919295,5.414372,"Sud-Comoé"
"38",38,-4.030648,5.362591,"Lagunes"
"39",39,-4.210628,5.92858,"Agnéby"
"40",40,-4.023072,5.323831,"Lagunes"
"41",41,-3.953847,5.362749,"Lagunes"
"42",42,-4.217436,5.928619,"Agnéby"
"43",43,-4.480228,6.48586,"N'zi-Comoé"
"44",44,-3.204848,7.127898,"Moyen-Comoé"
"45",45,-3.944274,5.979019,"Agnéby"
"46",46,-3.855413,6.358537,"Agnéby"
"47",47,-4.938259,6.257808,"Lagunes"
"48",48,-6.088081,6.046795,"Fromager"
"49",49,-4.889781,5.526307,"Lagunes"
"50",50,-5.312954,7.65729,"Vallée du Bandama"
"51",51,-5.057637,7.682969,"Vallée du Bandama"
"52",52,-3.802443,5.477023,"Lagunes"
"53",53,-5.023201,7.661988,"Vallée du Bandama"
"54",54,-3.960562,5.289332,"Lagunes"
"55",55,-3.196808,6.394176,NA
"56",56,-4.011552,5.450978,"Lagunes"
"57",57,-4.039695,5.327666,"Lagunes"
"58",58,-3.229693,6.964909,"Moyen-Comoé"
"59",59,-5.074323,7.234814,"Lacs"
"60",60,-5.326043,6.839458,"Lacs"
"61",61,-3.940107,5.35375,"Lagunes"
"62",62,-5.502224,6.346656,"Fromager"
"63",63,-3.886707,6.379913,"Agnéby"
"64",64,-5.879383,6.938892,"Marahoué"
"65",65,-4.362741,5.44985,"Lagunes"
"66",66,-3.066385,5.678652,"Sud-Comoé"
"67",67,-5.622253,5.656363,"Sud-Bandama"
"68",68,-4.362966,5.206767,"Lagunes"
"69",69,-3.961111,5.26983,"Lagunes"
"70",70,-3.66106,5.497098,"Lagunes"
"71",71,-3.850767,5.234282,"Lagunes"
"72",72,-3.961963,5.349939,"Lagunes"
"73",73,-2.901394,5.272661,"Sud-Comoé"
"74",74,-5.047979,7.917161,"Vallée du Bandama"
"75",75,-4.069722,5.326284,"Lagunes"
"76",76,-3.957629,5.310841,"Lagunes"
"77",77,-4.088085,5.321261,"Lagunes"
"78",78,-5.260289,7.351836,"Vallée du Bandama"
"79",79,-3.960988,5.363379,"Lagunes"
"80",80,-3.576687,6.822775,"Moyen-Comoé"
"81",81,-4.060129,5.322377,"Lagunes"
"82",82,-3.97537,5.303743,"Lagunes"
"83",83,-3.535525,7.106592,"Moyen-Comoé"
"84",84,-4.257006,7.317604,"N'zi-Comoé"
"85",85,-5.973374,6.121154,"Fromager"
"86",86,-4.020957,5.396149,"Lagunes"
"87",87,-4.099931,5.34533,"Lagunes"
"88",88,-4.470855,6.076311,"Agnéby"
"89",89,-3.765255,6.230481,"Agnéby"
"90",90,-4.006379,5.342979,"Lagunes"
"91",91,-6.918692,7.662726,"Haut-Sassandra"
"92",92,-4.063918,6.778021,"N'zi-Comoé"
"93",93,-5.557924,7.485534,"Vallée du Bandama"
"94",94,-4.067051,5.366841,"Lagunes"
"95",95,-3.984856,5.404333,"Lagunes"
"96",96,-4.010147,5.42625,"Lagunes"
"97",97,-5.029667,6.681041,"Lacs"
"98",98,-5.538657,7.026516,"Marahoué"
"99",99,-3.987795,5.387504,"Lagunes"
"100",100,-3.671596,6.651527,"Moyen-Comoé"
"101",101,-3.968803,5.348878,"Lagunes"
"102",102,-3.972668,5.338835,"Lagunes"
"103",103,-3.963821,5.304552,"Lagunes"
"104",104,-4.521858,6.333795,"N'zi-Comoé"
"105",105,-4.049611,5.493694,"Lagunes"
"106",106,-3.415245,6.560297,"Moyen-Comoé"
"107",107,-2.850978,7.882746,"Zanzan"
"108",108,-3.17258,5.98135,"Sud-Comoé"
"109",109,-3.333329,6.299667,"Moyen-Comoé"
"110",110,-3.354502,6.986765,"Moyen-Comoé"
"111",111,-4.007751,5.329997,"Lagunes"
"112",112,-4.059797,7.139565,"N'zi-Comoé"
"113",113,-3.945723,6.669894,"N'zi-Comoé"
"114",114,-4.002847,5.300285,"Lagunes"
"115",115,-3.761142,5.210271,"Lagunes"
"116",116,-5.149748,7.610253,"Vallée du Bandama"
"117",117,-3.888782,6.953638,"N'zi-Comoé"
"118",118,-5.392878,7.352591,"Vallée du Bandama"
"119",119,-4.286104,6.77575,"N'zi-Comoé"
"120",120,-3.812074,5.973719,"Agnéby"
"121",121,-3.507525,5.143694,NA
"122",122,-4.984303,6.49995,"Lacs"
"123",123,-2.988659,7.712284,"Zanzan"
"124",124,-4.019877,5.32314,"Lagunes"
"125",125,-3.387237,5.145088,NA
"126",126,-4.08183,5.331853,"Lagunes"
"127",127,-5.118239,6.783518,"Lacs"
"128",128,-3.983764,5.545714,"Lagunes"
"129",129,-4.179349,5.45614,"Lagunes"
"130",130,-3.979273,5.366714,"Lagunes"
"131",131,-4.045171,6.06715,"Agnéby"
"132",132,-5.250039,6.802218,"Lacs"
"133",133,-7.564386,9.502505,"Denguélé"
"134",134,-3.161502,5.60284,"Sud-Comoé"
"135",135,-4.045033,5.632944,"Agnéby"
"136",136,-4.088991,5.526551,"Lagunes"
"137",137,-4.088784,5.312996,"Lagunes"
"138",138,-3.985522,5.300026,"Lagunes"
"139",139,-6.780258,7.125523,"Haut-Sassandra"
"140",140,-6.65866,4.76788,"Bas-Sassandra"
"141",141,-5.94555,6.148645,"Fromager"
"142",142,-4.89402,5.657079,"Lagunes"
"143",143,-4.018886,5.318739,"Lagunes"
"144",144,-5.356928,5.842847,"Sud-Bandama"
"145",145,-5.152683,9.190529,"Vallée du Bandama"
"146",146,-4.057111,5.333743,"Lagunes"
"147",147,-4.111707,5.369141,"Lagunes"
"148",148,-3.88921,5.346685,"Lagunes"
"149",149,-7.214502,6.897852,"Moyen-Cavally"
"150",150,-6.522211,6.180779,"Bas-Sassandra"
"151",151,-5.808089,6.493828,"Fromager"
"152",152,-6.459591,7.237881,"Haut-Sassandra"
"153",153,-6.036916,5.548626,"Bas-Sassandra"
"154",154,-7.574627,9.185684,"Denguélé"
"155",155,-8.405955,6.457124,"Moyen-Cavally"
"156",156,-6.42959,6.320125,"Haut-Sassandra"
"157",157,-5.448673,9.505962,"Savanes"
"158",158,-6.003071,5.414547,"Bas-Sassandra"
"159",159,-6.346468,5.20854,"Bas-Sassandra"
"160",160,-4.306268,6.701733,"N'zi-Comoé"
"161",161,-5.625662,9.474096,"Savanes"
"162",162,-6.735606,8.839828,"Worodougou"
"163",163,-4.073871,5.333064,"Lagunes"
"164",164,-6.189007,7.188134,"Haut-Sassandra"
"165",165,-4.022178,5.347719,"Lagunes"
"166",166,-7.493517,7.01918,"Dix-Huit Montagnes"
"167",167,-4.340991,6.164495,"Agnéby"
"168",168,-3.962161,5.297789,"Lagunes"
"169",169,-6.66898,4.772571,"Bas-Sassandra"
"170",170,-3.951484,5.246958,NA
"171",171,-4.091508,5.338455,"Lagunes"
"172",172,-5.29165,6.824332,"Lacs"
"173",173,-3.741967,5.208949,"Lagunes"
"174",174,-4.134714,8.040593,"Vallée du Bandama"
"175",175,-5.989317,6.008171,"Fromager"
"176",176,-5.958943,6.46199,"Fromager"
"177",177,-4.008022,5.907137,"Agnéby"
"178",178,-3.84168,6.47148,"Agnéby"
"179",179,-6.277189,7.168953,"Haut-Sassandra"
"180",180,-3.599589,5.275466,"Lagunes"
"181",181,-6.856408,6.870535,"Haut-Sassandra"
"182",182,-4.005653,5.406751,"Lagunes"
"183",183,-3.996002,5.303214,"Lagunes"
"184",184,-3.981183,5.347603,"Lagunes"
"185",185,-4.458363,6.779429,"N'zi-Comoé"
"186",186,-5.570656,7.679088,"Vallée du Bandama"
"187",187,-3.960442,5.336617,"Lagunes"
"188",188,-4.023854,5.356878,"Lagunes"
"189",189,-3.410267,6.078371,"Moyen-Comoé"
"190",190,-4.014304,5.342935,"Lagunes"
"191",191,-3.981093,5.444594,"Lagunes"
"192",192,-4.004623,5.311905,"Lagunes"
"193",193,-7.61935,7.732864,"Dix-Huit Montagnes"
"194",194,-3.194078,6.00951,"Sud-Comoé"
"195",195,-3.754619,6.802551,"Moyen-Comoé"
"196",196,-4.023901,5.333848,"Lagunes"
"197",197,-6.219751,6.637728,"Haut-Sassandra"
"198",198,-4.031213,5.346444,"Lagunes"
"199",199,-3.630361,6.071691,"Agnéby"
"200",200,-3.972002,5.272823,"Lagunes"
"201",201,-6.145423,6.208062,"Fromager"
"202",202,-4.360453,5.938451,"Agnéby"
"203",203,-8.312376,6.768741,"Dix-Huit Montagnes"
"204",204,-4.693509,5.820192,"Lagunes"
"205",205,-3.99589,5.400109,"Lagunes"
"206",206,-5.015629,6.562483,"Lacs"
"207",207,-3.889793,5.355916,"Lagunes"
"208",208,-6.034083,7.338732,"Marahoué"
"209",209,-4.026443,5.355336,"Lagunes"
"210",210,-6.580547,4.934835,"Bas-Sassandra"
"211",211,-3.869922,5.348026,"Lagunes"
"212",212,-5.712812,6.316644,"Fromager"
"213",213,-7.170058,7.15516,"Dix-Huit Montagnes"
"214",214,-6.402054,10.195996,"Savanes"
"215",215,-7.468959,4.52897,"Bas-Sassandra"
"216",216,-3.998233,5.324333,"Lagunes"
"217",217,-7.983435,6.594375,"Moyen-Cavally"
"218",218,-4.00602,5.328494,"Lagunes"
"219",219,-4.54144,7.044252,"N'zi-Comoé"
"220",220,-4.672973,5.905593,"Lagunes"
"221",221,-5.487001,7.897072,"Vallée du Bandama"
"222",222,-6.20083,6.385569,"Haut-Sassandra"
"223",223,-7.334768,9.906512,"Denguélé"
"224",224,-6.525366,6.654184,"Haut-Sassandra"
"225",225,-4.053861,5.325659,"Lagunes"
"226",226,-3.981421,5.398935,"Lagunes"
"227",227,-4.808063,7.198303,"Lacs"
"228",228,-3.776135,6.582961,"Agnéby"
"229",229,-3.232956,8.28194,"Zanzan"
"230",230,-2.801975,8.042674,"Zanzan"
"231",231,-3.526192,5.488762,"Lagunes"
"232",232,-4.204861,6.6585,"N'zi-Comoé"
"233",233,-4.204861,6.6585,"N'zi-Comoé"
"234",234,-4.210963,7.683941,"N'zi-Comoé"
"235",235,-3.956538,5.370529,"Lagunes"
"236",236,-4.640944,8.352322,"Vallée du Bandama"
"237",237,-4.106718,5.344941,"Lagunes"
"238",238,-5.217724,6.370207,"Fromager"
"239",239,-6.051272,6.924573,"Marahoué"
"240",240,-3.596764,5.261879,"Lagunes"
"241",241,-6.485888,7.145734,"Haut-Sassandra"
"242",242,-3.964356,5.360864,"Lagunes"
"243",243,-3.512154,6.734689,"Moyen-Comoé"
"244",244,-7.758445,8.839415,"Bafing"
"245",245,-4.014864,5.317638,"Lagunes"
"246",246,-7.50852,8.774095,"Bafing"
"247",247,-5.295145,7.877907,"Vallée du Bandama"
"248",248,-5.260349,7.012374,"Lacs"
"249",249,-5.854713,7.263305,"Marahoué"
"250",250,-5.753299,6.98254,"Marahoué"
"251",251,-5.031158,7.681516,"Vallée du Bandama"
"252",252,-5.672175,8.211383,"Worodougou"
"253",253,-3.804281,6.251303,"Agnéby"
"254",254,-5.31967,5.634025,"Sud-Bandama"
"255",255,-2.982898,9.277208,"Zanzan"
"256",256,-5.489291,6.722429,"Marahoué"
"257",257,-6.557875,9.521702,"Savanes"
"258",258,-4.024002,5.359853,"Lagunes"
"259",259,-3.815094,5.296401,"Lagunes"
"260",260,-4.015951,5.433888,"Lagunes"
"261",261,-4.162748,5.309044,"Lagunes"
"262",262,-4.846348,7.600497,"Vallée du Bandama"
"263",263,-6.379644,6.498782,"Haut-Sassandra"
"264",264,-4.040343,6.912917,"N'zi-Comoé"
"265",265,-6.516944,7.601789,"Haut-Sassandra"
"266",266,-5.526901,5.519589,"Sud-Bandama"
"267",267,-4.221507,6.654994,"N'zi-Comoé"
"268",268,-7.004209,6.25824,"Bas-Sassandra"
"269",269,-7.014496,6.247475,"Bas-Sassandra"
"270",270,-5.261862,6.821173,"Lacs"
"271",271,-3.987618,5.419455,"Lagunes"
"272",272,-3.495588,6.715023,"Moyen-Comoé"
"273",273,-5.278736,6.867756,"Lacs"
"274",274,-3.937196,5.306728,"Lagunes"
"275",275,-3.988471,5.341687,"Lagunes"
"276",276,-5.027187,7.651894,"Vallée du Bandama"
"277",277,-6.613363,4.736188,"Bas-Sassandra"
"278",278,-3.98565,5.297623,"Lagunes"
"279",279,-4.028446,5.330621,"Lagunes"
"280",280,-4.015731,5.357661,"Lagunes"
"281",281,-4.000783,5.297394,"Lagunes"
"282",282,-3.983911,5.381465,"Lagunes"
"283",283,-4.001895,5.307834,"Lagunes"
"284",284,-4.397612,6.243561,"Agnéby"
"285",285,-4.02162,5.419177,"Lagunes"
"286",286,-4.091533,5.354696,"Lagunes"
"287",287,-4.088099,5.307023,"Lagunes"
"288",288,-6.681608,7.954907,"Worodougou"
"289",289,-4.073932,5.355972,"Lagunes"
"290",290,-4.003454,5.295194,"Lagunes"
"291",291,-3.083494,7.267637,"Zanzan"
"292",292,-4.014943,5.323478,"Lagunes"
"293",293,-7.627257,6.193596,"Moyen-Cavally"
"294",294,-5.076243,5.703332,"Sud-Bandama"
"295",295,-3.204733,7.143858,"Moyen-Comoé"
"296",296,-5.060519,7.705747,"Vallée du Bandama"
"297",297,-4.024601,5.363671,"Lagunes"
"298",298,-4.010922,5.399818,"Lagunes"
"299",299,-6.44185,6.871595,"Haut-Sassandra"
"300",300,-3.935408,5.363574,"Lagunes"
"301",301,-4.03383,5.357051,"Lagunes"
"302",302,-3.92971,5.391959,"Lagunes"
"303",303,-4.110586,5.330667,"Lagunes"
"304",304,-3.965509,5.291529,"Lagunes"
"305",305,-3.999674,5.423816,"Lagunes"
"306",306,-4.000748,5.374202,"Lagunes"
"307",307,-4.01714,5.321476,"Lagunes"
"308",308,-4.004406,5.340151,"Lagunes"
"309",309,-4.013611,5.438612,"Lagunes"
"310",310,-4.01369,5.438639,"Lagunes"
"311",311,-3.967119,5.299439,"Lagunes"
"312",312,-4.008216,5.275964,"Lagunes"
"313",313,-4.064482,5.337499,"Lagunes"
"314",314,-6.629436,4.745129,"Bas-Sassandra"
"315",315,-5.215331,6.761555,"Lacs"
"316",316,-4.088608,5.389323,"Lagunes"
"317",317,-4.665621,5.322357,"Lagunes"
"318",318,-3.957371,5.358006,"Lagunes"
"319",319,-6.490724,6.392517,"Haut-Sassandra"
"320",320,-4.323761,5.340854,"Lagunes"
"321",321,-4.012045,5.310706,"Lagunes"
"322",322,-4.389752,8.375399,"Vallée du Bandama"
"323",323,-4.375537,5.318976,"Lagunes"
"324",324,-2.94529,7.814484,"Zanzan"
"325",325,-6.813001,5.114723,"Bas-Sassandra"
"326",326,-6.320198,6.54833,"Haut-Sassandra"
"327",327,-5.510773,5.301664,"Sud-Bandama"
"328",328,-5.466395,5.673988,"Sud-Bandama"
"329",329,-6.065527,5.256029,"Bas-Sassandra"
"330",330,-4.045457,5.340968,"Lagunes"
"331",331,-6.450498,6.886308,"Haut-Sassandra"
"332",332,-3.153331,7.049857,"Moyen-Comoé"
"333",333,-8.152263,7.259263,"Dix-Huit Montagnes"
"334",334,-6.841279,7.133519,"Haut-Sassandra"
"335",335,-3.965796,7.055639,"N'zi-Comoé"
"336",336,-5.031067,7.715351,"Vallée du Bandama"
"337",337,-5.824194,5.099781,"Sud-Bandama"
"338",338,-5.741224,6.994209,"Marahoué"
"339",339,-4.044116,5.308768,"Lagunes"
"340",340,-4.390144,5.364414,"Lagunes"
"341",341,-6.590733,7.311535,"Haut-Sassandra"
"342",342,-6.649482,4.725307,"Bas-Sassandra"
"343",343,-5.928215,6.108661,"Fromager"
"344",344,-4.019221,5.320609,"Lagunes"
"345",345,-5.195365,7.75733,"Vallée du Bandama"
"346",346,-3.981818,5.393693,"Lagunes"
"347",347,-5.358733,5.827758,"Sud-Bandama"
"348",348,-3.327757,6.223788,"Moyen-Comoé"
"349",349,-3.335695,6.572469,"Moyen-Comoé"
"350",350,-4.581687,6.776808,"N'zi-Comoé"
"351",351,-6.04054,6.786449,"Marahoué"
"352",352,-6.267351,8.943313,"Worodougou"
"353",353,-6.19312,8.740131,"Worodougou"
"354",354,-6.597819,8.194899,"Worodougou"
"355",355,-3.333382,5.400626,"Sud-Comoé"
"356",356,-5.465835,10.097692,"Savanes"
"357",357,-8.092374,6.459497,"Moyen-Cavally"
"358",358,-4.0264,5.341349,"Lagunes"
"359",359,-2.994964,5.676073,"Sud-Comoé"
"360",360,-4.017303,5.446589,"Lagunes"
"361",361,-4.963677,7.095189,"Lacs"
"362",362,-5.333982,6.022745,"Sud-Bandama"
"363",363,-5.579036,6.290311,"Fromager"
"364",364,-4.410055,6.495486,"N'zi-Comoé"
"365",365,-6.276296,6.290551,"Fromager"
"366",366,-5.77795,9.060697,"Savanes"
"367",367,-4.705146,6.647368,"N'zi-Comoé"
"368",368,-3.597292,5.2825,"Lagunes"
"369",369,-3.763411,5.652925,"Lagunes"
"370",370,-3.489765,6.739238,"Moyen-Comoé"
"371",371,-5.28663,6.799785,"Lacs"
"372",372,-7.16542,8.943801,"Worodougou"
"373",373,-5.365853,5.835745,"Sud-Bandama"
"374",374,-6.167662,6.904209,"Marahoué"
"375",375,-3.649513,6.151548,"Agnéby"
"376",376,-6.644531,4.761053,"Bas-Sassandra"
"377",377,-5.079317,7.536351,"Vallée du Bandama"
"378",378,-5.110817,6.476978,"Lacs"
"379",379,-3.004928,5.279952,"Sud-Comoé"
"380",380,-6.593956,5.775369,"Bas-Sassandra"
"381",381,-3.978407,5.402154,"Lagunes"
"382",382,-6.972517,8.764125,"Worodougou"
"383",383,-5.05917,5.758322,"Sud-Bandama"
"384",384,-6.891037,5.640617,"Bas-Sassandra"
"385",385,-3.994207,5.396479,"Lagunes"
"386",386,-7.307506,5.379847,"Bas-Sassandra"
"387",387,-6.820336,5.207025,"Bas-Sassandra"
"388",388,-7.067603,4.933897,"Bas-Sassandra"
"389",389,-8.099251,6.577519,"Moyen-Cavally"
"390",390,-7.0632,6.890848,"Moyen-Cavally"
"391",391,-7.558489,7.407572,"Dix-Huit Montagnes"
"392",392,-3.303137,9.802884,"Zanzan"
"393",393,-5.615294,6.998964,"Marahoué"
"394",394,-4.025588,5.32152,"Lagunes"
"395",395,-5.325081,5.279491,"Sud-Bandama"
"396",396,-5.549091,6.416902,"Fromager"
"397",397,-6.558591,8.109144,"Worodougou"
"398",398,-7.335697,6.736038,"Moyen-Cavally"
"399",399,-3.444847,7.102875,"Moyen-Comoé"
"400",400,-3.103167,5.721778,"Sud-Comoé"
"401",401,-3.349588,6.364953,"Moyen-Comoé"
"402",402,-3.108281,5.156429,"Sud-Comoé"
"403",403,-2.946871,5.196997,"Sud-Comoé"
"404",404,-3.907973,5.249202,"Lagunes"
"405",405,-3.036088,5.287374,"Sud-Comoé"
"406",406,-4.181827,5.674443,"Agnéby"
"407",407,-4.517431,5.687066,"Lagunes"
"408",408,-4.024204,5.438757,"Lagunes"
"409",409,-3.978126,5.37435,"Lagunes"
"410",410,-3.99866,5.3584,"Lagunes"
"411",411,-5.009199,7.70456,"Vallée du Bandama"
"412",412,-5.243575,6.865502,"Lacs"
"413",413,-5.376729,6.243589,"Fromager"
"414",414,-6.433916,6.865056,"Haut-Sassandra"
"415",415,-3.751258,7.30311,"N'zi-Comoé"
"416",416,-4.20603,5.977015,"Agnéby"
"417",417,-7.38354,7.377818,"Dix-Huit Montagnes"
"418",418,-4.013284,5.300806,"Lagunes"
"419",419,-4.055642,5.476997,"Lagunes"
"420",420,-4.029536,5.446151,"Lagunes"
"421",421,-3.978754,7.887024,"N'zi-Comoé"
"422",422,-3.947516,5.310266,"Lagunes"
"423",423,-4.02693,5.433253,"Lagunes"
"424",424,-6.663211,4.982726,"Bas-Sassandra"
"425",425,-4.018204,5.327251,"Lagunes"
"426",426,-7.40235,6.802779,"Moyen-Cavally"
"427",427,-6.881954,9.888806,"Denguélé"
"428",428,-5.173229,9.57733,"Savanes"
"429",429,-4.991186,7.718325,"Vallée du Bandama"
"430",430,-6.639379,4.803877,"Bas-Sassandra"
"431",431,-4.073191,5.348648,"Lagunes"
"432",432,-3.093567,8.522855,"Zanzan"
"433",433,-3.954244,5.346763,"Lagunes"
"434",434,-5.260561,6.788305,"Lacs"
"435",435,-4.006901,5.394319,"Lagunes"
"436",436,-4.025498,5.347331,"Lagunes"
"437",437,-4.001763,5.273797,"Lagunes"
"438",438,-4.039175,5.321305,"Lagunes"
"439",439,-2.960267,5.143338,"Sud-Comoé"
"440",440,-4.020374,5.347431,"Lagunes"
"441",441,-5.596074,5.114361,"Sud-Bandama"
"442",442,-3.996757,5.315408,"Lagunes"
"443",443,-3.971989,5.311081,"Lagunes"
"444",444,-5.136517,8.232868,"Vallée du Bandama"
"445",445,-5.075063,7.667443,"Vallée du Bandama"
"446",446,-5.374074,6.289009,"Fromager"
"447",447,-6.398958,6.38666,"Haut-Sassandra"
"448",448,-6.556242,5.014968,"Bas-Sassandra"
"449",449,-6.469458,7.057719,"Haut-Sassandra"
"450",450,-6.168467,6.674983,"Haut-Sassandra"
"451",451,-5.94227,6.130722,"Fromager"
"452",452,-5.956072,6.13905,"Fromager"
"453",453,-6.744566,5.040396,"Bas-Sassandra"
"454",454,-6.308456,5.995786,"Fromager"
"455",455,-3.948415,5.291229,"Lagunes"
"456",456,-5.811856,6.968019,"Marahoué"
"457",457,-4.020596,5.35227,"Lagunes"
"458",458,-5.578072,5.476926,"Sud-Bandama"
"459",459,-6.420293,5.996544,"Bas-Sassandra"
"460",460,-6.353718,5.748795,"Bas-Sassandra"
"461",461,-7.510017,4.991704,"Bas-Sassandra"
"462",462,-7.533047,7.408513,"Dix-Huit Montagnes"
"463",463,-7.13925,6.460956,"Moyen-Cavally"
"464",464,-4.039971,5.441761,"Lagunes"
"465",465,-6.585684,6.777569,"Haut-Sassandra"
"466",466,-6.445524,9.842149,"Savanes"
"467",467,-6.943101,4.645024,"Bas-Sassandra"
"468",468,-4.459888,5.336893,"Lagunes"
"469",469,-5.011565,5.259537,"Lagunes"
"470",470,-3.936097,5.373825,"Lagunes"
"471",471,-4.098191,5.361681,"Lagunes"
"472",472,-8.2558,6.848719,"Dix-Huit Montagnes"
"473",473,-7.488701,6.202634,"Moyen-Cavally"
"474",474,-6.695674,5.200523,"Bas-Sassandra"
"475",475,-6.920581,6.095993,"Bas-Sassandra"
"476",476,-5.842532,5.991305,"Fromager"
"477",477,-5.788878,5.16862,"Sud-Bandama"
"478",478,-6.125097,5.901717,"Fromager"
"479",479,-6.658015,5.693805,"Bas-Sassandra"
"480",480,-6.562302,5.137364,"Bas-Sassandra"
"481",481,-6.588124,5.788395,"Bas-Sassandra"
"482",482,-6.411278,5.891642,"Bas-Sassandra"
"483",483,-6.244498,6.89773,"Haut-Sassandra"
"484",484,-5.933819,6.116618,"Fromager"
"485",485,-6.264471,5.656026,"Bas-Sassandra"
"486",486,-6.644302,5.243337,"Bas-Sassandra"
"487",487,-5.875734,7.468174,"Marahoué"
"488",488,-5.871653,7.575051,"Marahoué"
"489",489,-3.982461,5.331994,"Lagunes"
"490",490,-3.970137,5.330806,"Lagunes"
"491",491,-4.44255,5.741749,"Lagunes"
"492",492,-6.241554,6.910795,"Haut-Sassandra"
"493",493,-5.056944,7.72555,"Vallée du Bandama"
"494",494,-3.918318,5.242714,"Lagunes"
"495",495,-4.065106,5.331971,"Lagunes"
"496",496,-3.981615,6.97605,"N'zi-Comoé"
"497",497,-5.096036,6.143526,"Sud-Bandama"
"498",498,-6.257249,7.248938,"Marahoué"
"499",499,-7.232343,10.0322,"Denguélé"
"500",500,-2.967225,7.896009,"Zanzan"
"501",501,-6.536738,7.516731,"Haut-Sassandra"
"502",502,-5.173287,6.719836,"Lacs"
"503",503,-7.416628,6.571898,"Moyen-Cavally"
"504",504,-7.410396,4.922147,"Bas-Sassandra"
"505",505,-3.97072,6.02429,"Agnéby"
"506",506,-3.767708,5.473576,"Lagunes"
"507",507,-4.131656,5.82758,"Agnéby"
"508",508,-6.544046,6.120313,"Bas-Sassandra"
"509",509,-4.011513,5.320095,"Lagunes"
"510",510,-6.903042,6.200876,"Bas-Sassandra"
"511",511,-5.498054,5.83572,"Sud-Bandama"
"512",512,-6.419613,5.050336,"Bas-Sassandra"
"513",513,-3.951586,5.370134,"Lagunes"
"514",514,-4.092211,5.349731,"Lagunes"
"515",515,-7.463198,6.899397,"Moyen-Cavally"
"516",516,-6.942918,6.740812,"Haut-Sassandra"
"517",517,-4.249769,5.740303,"Agnéby"
"518",518,-6.064595,5.687304,"Bas-Sassandra"
"519",519,-6.202436,6.265889,"Fromager"
"520",520,-7.104274,6.726616,"Moyen-Cavally"
"521",521,-7.48858,6.54446,"Moyen-Cavally"
"522",522,-6.177912,6.236273,"Fromager"
"523",523,-5.729851,9.224298,"Savanes"
"524",524,-7.499575,6.548957,"Moyen-Cavally"
"525",525,-5.240423,5.532858,"Sud-Bandama"
"526",526,-3.968576,5.280758,"Lagunes"
"527",527,-6.9618,4.691381,"Bas-Sassandra"
"528",528,-7.113375,4.743886,"Bas-Sassandra"
"529",529,-5.026854,5.93634,"Sud-Bandama"
"530",530,-5.375137,5.569036,"Sud-Bandama"
"531",531,-5.304716,6.195294,"Sud-Bandama"
"532",532,-3.973681,5.302463,"Lagunes"
"533",533,-7.346521,6.745932,"Moyen-Cavally"
"534",534,-7.352674,6.744438,"Moyen-Cavally"
"535",535,-5.271294,9.602008,"Savanes"
"536",536,-6.462767,6.87289,"Haut-Sassandra"
"537",537,-3.971822,5.291417,"Lagunes"
"538",538,-6.829481,6.557124,"Haut-Sassandra"
"539",539,-7.412778,4.686023,"Bas-Sassandra"
"540",540,-4.08068,5.271017,"Lagunes"
"541",541,-3.741038,5.216546,"Lagunes"
"542",542,-4.021495,5.325344,"Lagunes"
"543",543,-3.861475,6.123827,"Agnéby"
"544",544,-4.021516,5.337642,"Lagunes"
"545",545,-3.982854,5.308647,"Lagunes"
"546",546,-3.997911,5.344791,"Lagunes"
"547",547,-5.230336,6.884146,"Lacs"
"548",548,-3.979221,5.408609,"Lagunes"
"549",549,-3.997855,5.264206,"Lagunes"
"550",550,-4.009713,5.34732,"Lagunes"
"551",551,-6.121149,6.710107,"Marahoué"
"552",552,-3.918091,6.166579,"Agnéby"
"553",553,-4.810945,5.277572,"Lagunes"
"554",554,-5.162949,6.02769,"Sud-Bandama"
"555",555,-6.591126,6.486824,"Haut-Sassandra"
"556",556,-6.574729,6.495825,"Haut-Sassandra"
"557",557,-8.111105,6.921308,"Dix-Huit Montagnes"
"558",558,-4.000861,5.329992,"Lagunes"
"559",559,-4.410116,5.209258,"Lagunes"
"560",560,-4.093978,5.351223,"Lagunes"
"561",561,-3.900311,5.242825,"Lagunes"
"562",562,-3.990227,5.287957,"Lagunes"
"563",563,-6.638127,4.743548,"Bas-Sassandra"
"564",564,-6.655096,4.750824,"Bas-Sassandra"
"565",565,-7.702269,7.736758,"Dix-Huit Montagnes"
"566",566,-3.908197,5.368849,"Lagunes"
"567",567,-5.880514,8.957472,"Savanes"
"568",568,-4.048045,5.354356,"Lagunes"
"569",569,-5.35869,6.149017,"Sud-Bandama"
"570",570,-3.968027,5.296172,"Lagunes"
"571",571,-5.148806,6.84095,"Lacs"
"572",572,-3.384673,5.300356,"Sud-Comoé"
"573",574,-3.970887,5.36474,"Lagunes"
"574",575,-6.190153,10.362245,"Savanes"
"575",576,-3.922745,5.358844,"Lagunes"
"576",577,-4.189861,6.645374,"N'zi-Comoé"
"577",578,-6.568541,8.396486,"Worodougou"
"578",579,-7.494363,9.810881,"Denguélé"
"579",580,-3.964283,5.253716,"Lagunes"
"580",581,-6.223618,7.329344,"Marahoué"
"581",582,-6.190267,9.883158,"Savanes"
"582",583,-5.101735,8.150414,"Vallée du Bandama"
"583",584,-4.107859,5.366512,"Lagunes"
"584",585,-5.004701,7.684258,"Vallée du Bandama"
"585",586,-3.163169,5.898876,"Sud-Comoé"
"586",587,-3.888342,6.387691,"Agnéby"
"587",588,-6.657187,7.164719,"Haut-Sassandra"
"588",589,-6.510922,6.83077,"Haut-Sassandra"
"589",590,-3.988129,5.426968,"Lagunes"
"590",591,-3.999023,5.291489,"Lagunes"
"591",592,-6.554129,5.397204,"Bas-Sassandra"
"592",593,-3.593544,6.737575,"Moyen-Comoé"
"593",594,-4.632792,6.740119,"N'zi-Comoé"
"594",595,-3.925076,7.459637,"N'zi-Comoé"
"595",596,-2.997322,5.565651,"Sud-Comoé"
"596",597,-6.538548,5.259052,"Bas-Sassandra"
"597",598,-3.357625,5.486608,"Sud-Comoé"
"598",599,-5.9375,6.239034,"Fromager"
"599",600,-5.246719,6.551589,"Lacs"
"600",601,-5.276244,6.781851,"Lacs"
"601",602,-6.473204,9.75921,"Savanes"
"602",603,-5.433118,9.308232,"Savanes"
"603",604,-5.361033,5.852308,"Sud-Bandama"
"604",605,-5.089482,7.4737,"Vallée du Bandama"
"605",606,-6.660906,6.022803,"Bas-Sassandra"
"606",607,-5.610111,6.653255,"Marahoué"
"607",608,-4.59598,9.170818,"Savanes"
"608",609,-6.103152,7.759529,"Worodougou"
"609",610,-6.642806,6.178199,"Bas-Sassandra"
"610",611,-5.630547,9.453492,"Savanes"
"611",612,-5.623402,9.420328,"Savanes"
"612",613,-7.457531,8.503655,"Bafing"
"613",614,-5.474221,7.013511,"Lacs"
"614",615,-5.61558,5.716959,"Sud-Bandama"
"615",616,-5.02997,7.743987,"Vallée du Bandama"
"616",617,-7.158029,4.640418,"Bas-Sassandra"
"617",618,-4.126935,6.695834,"N'zi-Comoé"
"618",619,-2.894074,5.508171,"Sud-Comoé"
"619",620,-3.493364,5.283255,"Lagunes"
"620",621,-5.453556,6.601731,"Fromager"
"621",622,-3.542469,7.810267,"Zanzan"
"622",623,-4.681458,7.358088,"N'zi-Comoé"
"623",624,-5.687914,5.843144,"Sud-Bandama"
"624",625,-4.091141,5.346078,"Lagunes"
"625",626,-6.021667,6.617777,"Marahoué"
"626",627,-7.215218,7.23114,"Dix-Huit Montagnes"
"627",628,-3.95544,5.296296,"Lagunes"
"628",629,-3.267133,7.550244,"Zanzan"
"629",630,-5.826223,7.764632,"Worodougou"
"630",631,-6.424268,9.876011,"Savanes"
"631",632,-4.060124,5.318207,"Lagunes"
"632",633,-4.722904,6.152263,"Lagunes"
"633",634,-6.499812,5.791645,"Bas-Sassandra"
"634",635,-7.546299,7.712097,"Dix-Huit Montagnes"
"635",636,-5.198871,6.539346,"Lacs"
"636",637,-4.87138,6.332571,"Lacs"
"637",638,-4.398675,5.332066,"Lagunes"
"638",639,-6.626656,5.420351,"Bas-Sassandra"
"639",640,-3.211824,5.390026,"Sud-Comoé"
"640",641,-6.350181,5.142698,"Bas-Sassandra"
"641",642,-4.020949,5.357459,"Lagunes"
"642",643,-2.799478,8.035303,"Zanzan"
"643",644,-5.055711,9.597773,"Savanes"
"644",645,-6.450498,6.886308,"Haut-Sassandra"
"645",646,-4.115737,5.323931,"Lagunes"
"646",647,-3.991649,5.313473,"Lagunes"
"647",648,-5.705257,6.221361,"Fromager"
"648",649,-5.682307,5.8562,"Sud-Bandama"
"649",650,-3.976765,5.284691,"Lagunes"
"650",651,-5.20995,9.583722,"Savanes"
"651",652,-4.158974,5.9765,"Agnéby"
"652",653,-2.981291,8.287601,"Zanzan"
"653",654,-3.968235,7.064204,"N'zi-Comoé"
"654",655,-3.45973,5.335762,"Lagunes"
"655",656,-4.019145,5.360715,"Lagunes"
"656",657,-3.970119,5.372886,"Lagunes"
"657",658,-5.297223,5.200653,"Sud-Bandama"
"658",659,-3.975797,5.418142,"Lagunes"
"659",660,-6.319879,6.314036,"Fromager"
"660",661,-4.094236,5.334197,"Lagunes"
"661",662,-7.54355,7.395898,"Dix-Huit Montagnes"
"662",663,-6.477021,5.915255,"Bas-Sassandra"
"663",664,-6.362448,5.978142,"Bas-Sassandra"
"664",665,-3.734598,5.20874,"Lagunes"
"665",666,-6.602872,6.860205,"Haut-Sassandra"
"666",667,-6.839484,6.115042,"Bas-Sassandra"
"667",668,-7.559087,7.124531,"Dix-Huit Montagnes"
"668",669,-4.035639,5.314499,"Lagunes"
"669",670,-4.09802,5.316675,"Lagunes"
"670",671,-5.277383,6.966191,"Lacs"
"671",672,-4.986808,6.369647,"Lacs"
"672",673,-5.034828,7.092473,"Lacs"
"673",674,-4.464711,5.412637,"Lagunes"
"674",675,-5.218826,8.030003,"Vallée du Bandama"
"675",676,-4.893759,6.574764,"Lacs"
"676",677,-6.730638,6.525348,"Haut-Sassandra"
"677",678,-4.336083,5.807071,"Agnéby"
"678",679,-6.780792,6.285883,"Haut-Sassandra"
"679",680,-6.224953,7.087309,"Haut-Sassandra"
"680",681,-3.992043,5.296137,"Lagunes"
"681",682,-4.006083,5.402037,"Lagunes"
"682",683,-6.420821,5.668651,"Bas-Sassandra"
"683",684,-4.075773,5.381076,"Lagunes"
"684",685,-4.018453,5.384969,"Lagunes"
"685",686,-6.910376,9.61964,"Denguélé"
"686",687,-3.026582,5.391941,"Sud-Comoé"
"687",688,-3.30666,5.128291,NA
"688",689,-4.051984,5.347102,"Lagunes"
"689",690,-3.989198,5.30056,"Lagunes"
"690",691,-6.04864,6.013814,"Fromager"
"691",692,-6.120581,6.101958,"Fromager"
"692",693,-5.201829,10.127418,"Savanes"
"693",694,-7.905283,7.192241,"Dix-Huit Montagnes"
"694",695,-3.976629,5.353939,"Lagunes"
"695",696,-4.066507,5.361046,"Lagunes"
"696",697,-7.549322,7.411446,"Dix-Huit Montagnes"
"697",698,-7.574889,7.372969,"Dix-Huit Montagnes"
"698",699,-5.918333,7.400231,"Marahoué"
"699",700,-7.607907,7.620342,"Dix-Huit Montagnes"
"700",701,-3.975456,5.363771,"Lagunes"
"701",702,-6.188025,8.057509,"Worodougou"
"702",703,-3.959041,5.282471,"Lagunes"
"703",704,-3.30262,6.816576,"Moyen-Comoé"
"704",705,-5.44295,8.087727,"Vallée du Bandama"
"705",706,-2.72293,8.604928,"Zanzan"
"706",707,-3.953466,5.302947,"Lagunes"
"707",708,-3.405973,5.155959,"Sud-Comoé"
"708",709,-5.243342,6.822054,"Lacs"
"709",710,-4.098681,5.341738,"Lagunes"
"710",711,-6.499539,7.921808,"Worodougou"
"711",712,-6.497682,5.021883,"Bas-Sassandra"
"712",713,-6.397111,6.091424,"Bas-Sassandra"
"713",714,-3.97298,5.277731,"Lagunes"
"714",715,-4.353217,7.479989,"N'zi-Comoé"
"715",716,-4.350911,6.470088,"N'zi-Comoé"
"716",717,-5.910284,9.959329,"Savanes"
"717",718,-4.232783,5.569379,"Lagunes"
"718",719,-6.564359,5.399278,"Bas-Sassandra"
"719",720,-3.986897,5.352943,"Lagunes"
"720",721,-3.326068,5.187367,"Sud-Comoé"
"721",722,-3.745863,5.511044,"Lagunes"
"722",723,-7.271463,4.539052,"Bas-Sassandra"
"723",724,-4.089827,5.33062,"Lagunes"
"724",725,-3.981154,5.287905,"Lagunes"
"725",726,-3.996917,5.338776,"Lagunes"
"726",727,-3.948061,5.301857,"Lagunes"
"727",728,-4.010331,5.433724,"Lagunes"
"728",729,-3.977106,5.262975,"Lagunes"
"729",730,-3.901632,6.042368,"Agnéby"
"730",731,-3.99212,5.330695,"Lagunes"
"731",732,-4.005167,5.32725,"Lagunes"
"732",733,-4.004686,5.326608,"Lagunes"
"733",734,-4.022785,5.348971,"Lagunes"
"734",735,-4.012956,5.322,"Lagunes"
"735",736,-4.019658,5.303226,"Lagunes"
"736",737,-4.012956,5.322,"Lagunes"
"737",738,-4.018288,5.315845,"Lagunes"
"738",739,-4.022977,5.328233,"Lagunes"
"739",740,-3.103167,5.721778,"Sud-Comoé"
"740",741,-4.013608,5.321946,"Lagunes"
"741",742,-4.025863,5.31734,"Lagunes"
"742",743,-4.012956,5.322,"Lagunes"
"743",744,-4.020125,5.326327,"Lagunes"
"744",745,-4.020806,5.330889,"Lagunes"
"745",746,-4.016714,5.321921,"Lagunes"
"746",747,-4.014864,5.317636,"Lagunes"
"747",748,-4.088972,5.375542,"Lagunes"
"748",750,-3.977307,5.299651,"Lagunes"
"749",751,-4.054213,5.356424,"Lagunes"
"750",752,-7.801058,9.936394,"Denguélé"
"751",753,-6.585165,6.474772,"Haut-Sassandra"
"752",754,-4.025267,5.356514,"Lagunes"
"753",755,-4.014643,5.365073,"Lagunes"
"754",756,-4.0155,5.353386,"Lagunes"
"755",757,-3.81531,6.198773,"Agnéby"
"756",758,-3.909364,5.239959,NA
"757",759,-5.046261,7.671804,"Vallée du Bandama"
"758",760,-3.67639,5.184273,NA
"759",761,-6.846487,7.089473,"Haut-Sassandra"
"760",762,-5.649694,9.460815,"Savanes"
"761",763,-6.838689,8.077641,"Worodougou"
"762",764,-7.630437,7.458949,"Dix-Huit Montagnes"
"763",765,-3.726429,5.228471,"Lagunes"
"764",766,-8.160174,7.267459,"Dix-Huit Montagnes"
"765",767,-5.29597,6.847863,"Lacs"
"766",768,-4.709957,6.078331,"Lagunes"
"767",769,-6.79654,8.97282,"Worodougou"
"768",770,-5.270035,6.807758,"Lacs"
"769",771,-3.631903,5.308506,"Lagunes"
"770",772,-4.025338,5.377405,"Lagunes"
"771",773,-6.370024,4.905353,"Bas-Sassandra"
"772",774,-3.393341,6.251808,"Moyen-Comoé"
"773",775,-3.08964,5.373443,"Sud-Comoé"
"774",776,-3.989137,5.363434,"Lagunes"
"775",777,-3.988926,5.363291,"Lagunes"
"776",778,-6.678872,4.762784,"Bas-Sassandra"
"777",779,-5.32958,10.075161,"Savanes"
"778",780,-6.607487,5.786158,"Bas-Sassandra"
"779",781,-4.036388,5.347707,"Lagunes"
"780",782,-4.748786,9.192303,"Savanes"
"781",783,-6.266345,6.369761,"Haut-Sassandra"
"782",784,-6.688809,6.374213,"Haut-Sassandra"
"783",785,-5.178671,9.71782,"Savanes"
"784",786,-4.057114,5.339667,"Lagunes"
"785",787,-3.992448,5.436594,"Lagunes"
"786",788,-5.596282,9.303588,"Savanes"
"787",789,-3.497535,8.511047,"Zanzan"
"788",790,-4.229835,5.26488,"Lagunes"
"789",791,-4.063565,5.445851,"Lagunes"
"790",792,-4.769442,5.855244,"Lagunes"
"791",793,-5.792845,6.863848,"Marahoué"
"792",794,-5.151122,6.660933,"Lacs"
"793",795,-4.440599,6.710645,"N'zi-Comoé"
"794",796,-7.343679,5.188305,"Bas-Sassandra"
"795",797,-5.726958,5.797728,"Sud-Bandama"
"796",798,-5.13613,7.260168,"Lacs"
"797",799,-3.759741,7.055896,"N'zi-Comoé"
"798",800,-4.053941,5.317747,"Lagunes"
"799",801,-4.39997,6.462498,"N'zi-Comoé"
"800",802,-4.285253,6.63531,"N'zi-Comoé"
"801",803,-5.466451,7.990722,"Vallée du Bandama"
"802",804,-3.2737,6.655242,"Moyen-Comoé"
"803",805,-5.273131,8.618677,"Vallée du Bandama"
"804",806,-5.756228,5.695936,"Sud-Bandama"
"805",807,-3.27846,7.054153,"Moyen-Comoé"
"806",808,-4.098707,5.321568,"Lagunes"
"807",809,-7.445185,7.294163,"Dix-Huit Montagnes"
"808",810,-5.664048,10.180096,"Savanes"
"809",811,-4.09409,5.37052,"Lagunes"
"810",812,-6.075724,9.575919,"Savanes"
"811",813,-6.126029,5.763024,"Bas-Sassandra"
"812",814,-3.994769,5.432752,"Lagunes"
"813",815,-2.821519,5.286129,"Sud-Comoé"
"814",816,-6.556094,5.408507,"Bas-Sassandra"
"815",817,-4.003407,5.303255,"Lagunes"
"816",818,-2.909185,5.186481,"Sud-Comoé"
"817",819,-4.019121,5.42385,"Lagunes"
"818",820,-4.520345,5.4001,"Lagunes"
"819",821,-4.015356,5.314399,"Lagunes"
"820",822,-5.056944,7.72555,"Vallée du Bandama"
"821",823,-3.514883,6.721583,"Moyen-Comoé"
"822",824,-4.243407,7.074232,"N'zi-Comoé"
"823",825,-4.830103,5.988323,"Lagunes"
"824",826,-3.393465,5.377509,"Sud-Comoé"
"825",827,-3.841183,5.579715,"Lagunes"
"826",828,-5.253321,6.820784,"Lacs"
"827",829,-4.099694,5.3547,"Lagunes"
"828",830,-6.637936,5.900627,"Bas-Sassandra"
"829",831,-3.960463,5.256698,"Lagunes"
"830",832,-4.051118,5.446725,"Lagunes"
"831",833,-7.523694,9.529498,"Denguélé"
"832",834,-5.036647,7.701393,"Vallée du Bandama"
"833",835,-4.479133,5.973894,"Agnéby"
"834",836,-4.049699,5.332281,"Lagunes"
"835",837,-5.153277,5.890399,"Sud-Bandama"
"836",838,-3.738898,5.390224,"Lagunes"
"837",839,-4.011606,5.32155,"Lagunes"
"838",840,-5.702363,5.347602,"Sud-Bandama"
"839",841,-6.403703,5.768551,"Bas-Sassandra"
"840",842,-3.995322,5.310525,"Lagunes"
"841",843,-3.091661,9.012583,"Zanzan"
"842",844,-3.590987,5.376503,"Lagunes"
"843",845,-4.42395,5.402335,"Lagunes"
"844",846,-3.97445,5.2913,"Lagunes"
"845",847,-4.405386,5.742895,"Agnéby"
"846",848,-4.111146,5.325874,"Lagunes"
"847",849,-6.455458,6.854143,"Haut-Sassandra"
"848",850,-3.508544,6.740343,"Moyen-Comoé"
"849",851,-3.961623,5.344896,"Lagunes"
"850",852,-6.283844,5.673284,"Bas-Sassandra"
"851",853,-6.27318,5.662083,"Bas-Sassandra"
"852",854,-5.491503,10.335212,"Savanes"
"853",855,-5.124405,9.956008,"Savanes"
"854",856,-7.880249,8.26199,"Bafing"
"855",857,-4.04931,7.296272,"N'zi-Comoé"
"856",858,-3.965893,5.287599,"Lagunes"
"857",859,-5.799253,6.041612,"Fromager"
"858",860,-5.417676,6.385409,"Fromager"
"859",861,-5.419338,6.403413,"Fromager"
"860",862,-5.166956,8.398062,"Vallée du Bandama"
"861",863,-6.590383,5.567304,"Bas-Sassandra"
"862",864,-5.935957,6.305509,"Fromager"
"863",865,-6.586605,6.015938,"Bas-Sassandra"
"864",866,-4.01503,5.374694,"Lagunes"
"865",867,-6.595686,5.940536,"Bas-Sassandra"
"866",868,-5.804499,7.182681,"Marahoué"
"867",869,-4.002239,5.353209,"Lagunes"
"868",870,-4.794865,5.344656,"Lagunes"
"869",871,-3.956748,5.378876,"Lagunes"
"870",872,-7.301728,5.556538,"Bas-Sassandra"
"871",873,-6.445289,6.903603,"Haut-Sassandra"
"872",874,-6.183911,4.989307,"Bas-Sassandra"
"873",875,-4.009936,5.290049,"Lagunes"
"874",876,-8.289353,6.579074,"Moyen-Cavally"
"875",877,-6.795374,7.280781,"Haut-Sassandra"
"876",878,-3.98451,5.284364,"Lagunes"
"877",879,-3.998567,5.386569,"Lagunes"
"878",880,-6.646964,5.610841,"Bas-Sassandra"
"879",881,-6.729435,5.82371,"Bas-Sassandra"
"880",882,-3.986284,5.259549,"Lagunes"
"881",883,-4.062846,5.345727,"Lagunes"
"882",884,-7.348263,6.637013,"Moyen-Cavally"
"883",885,-4.011197,5.334394,"Lagunes"
"884",886,-4.054454,5.452798,"Lagunes"
"885",887,-4.346054,5.552062,"Lagunes"
"886",888,-4.525953,5.724252,"Lagunes"
"887",889,-7.73554,7.158652,"Dix-Huit Montagnes"
"888",890,-5.621403,10.434731,"Savanes"
"889",891,-6.69892,5.391193,"Bas-Sassandra"
"890",892,-4.017028,5.325652,"Lagunes"
"891",893,-8.377062,6.491729,"Moyen-Cavally"
"892",894,-3.99475,5.327443,"Lagunes"
"893",895,-4.004951,5.368954,"Lagunes"
"894",896,-4.004832,7.645522,"N'zi-Comoé"
"895",897,-3.984416,5.290766,"Lagunes"
"896",898,-4.069498,5.346651,"Lagunes"
"897",899,-3.985378,5.297343,"Lagunes"
"898",900,-3.985378,5.297343,"Lagunes"
"899",901,-3.990324,5.372785,"Lagunes"
"900",902,-3.725257,5.19271,"Lagunes"
"901",903,-3.970385,5.303291,"Lagunes"
"902",904,-3.198878,5.483006,"Sud-Comoé"
"903",905,-6.627457,5.111013,"Bas-Sassandra"
"904",906,-4.87866,7.430837,"Lacs"
"905",907,-5.275967,6.818977,"Lacs"
"906",908,-4.020102,5.315223,"Lagunes"
"907",909,-4.020806,5.330888,"Lagunes"
"908",910,-5.248607,6.847996,"Lacs"
"909",911,-4.009864,5.266423,"Lagunes"
"910",912,-3.979848,5.339804,"Lagunes"
"911",913,-3.204099,5.46974,"Sud-Comoé"
"912",914,-3.977899,5.345458,"Lagunes"
"913",915,-3.967674,5.384017,"Lagunes"
"914",916,-4.023316,5.353329,"Lagunes"
"915",917,-3.470933,6.720536,"Moyen-Comoé"
"916",918,-4.32055,6.08949,"Agnéby"
"917",919,-4.013449,5.307591,"Lagunes"
"918",920,-4.371027,5.334358,"Lagunes"
"919",921,-4.072201,5.356907,"Lagunes"
"920",922,-4.000592,5.411181,"Lagunes"
"921",923,-3.985811,5.293161,"Lagunes"
"922",924,-4.002814,5.25752,"Lagunes"
"923",925,-4.012103,5.409001,"Lagunes"
"924",926,-4.047327,5.330121,"Lagunes"
"925",927,-3.998302,5.269165,"Lagunes"
"926",928,-4.025898,5.414137,"Lagunes"
"927",929,-6.91038,5.965207,"Bas-Sassandra"
"928",930,-3.973996,5.396387,"Lagunes"
"929",931,-5.923428,5.287617,"Bas-Sassandra"
"930",932,-4.074105,5.330317,"Lagunes"
"931",933,-3.978848,5.293699,"Lagunes"
"932",934,-3.978847,5.293697,"Lagunes"
"933",935,-6.221344,5.053563,"Bas-Sassandra"
"934",936,-6.271604,6.492347,"Haut-Sassandra"
"935",937,-5.703699,6.46048,"Fromager"
"936",938,-5.284679,7.451474,"Vallée du Bandama"
"937",939,-5.268273,7.030907,"Lacs"
"938",940,-4.005636,5.414592,"Lagunes"
"939",941,-3.992174,5.307732,"Lagunes"
"940",942,-7.562353,9.829152,"Denguélé"
"941",943,-6.622706,4.74054,"Bas-Sassandra"
"942",944,-3.568572,7.940226,"Zanzan"
"943",945,-5.808033,6.648569,"Marahoué"
"944",946,-7.802993,7.271131,"Dix-Huit Montagnes"
"945",947,-3.136051,5.393767,"Sud-Comoé"
"946",948,-3.477266,6.856607,"Moyen-Comoé"
"947",949,-8.009149,8.264046,"Bafing"
"948",950,-4.044807,5.32148,"Lagunes"
"949",951,-3.316707,6.124379,"Moyen-Comoé"
"950",952,-2.982229,8.148595,"Zanzan"
"951",953,-4.063759,5.346845,"Lagunes"
"952",954,-6.797353,5.824882,"Bas-Sassandra"
"953",955,-4.282499,5.214623,"Lagunes"
"954",956,-6.084862,4.974524,"Bas-Sassandra"
"955",957,-4.529507,7.908459,"Vallée du Bandama"
"956",958,-4.329356,7.893799,"Vallée du Bandama"
"957",959,-4.016019,5.308711,"Lagunes"
"958",960,-4.031563,5.338566,"Lagunes"
"959",961,-4.005607,5.261121,"Lagunes"
"960",962,-6.303949,7.022033,"Haut-Sassandra"
"961",963,-6.670667,7.965074,"Worodougou"
"962",964,-5.022029,7.727629,"Vallée du Bandama"
"963",965,-6.715318,7.427203,"Haut-Sassandra"
"964",966,-6.858007,6.626425,"Haut-Sassandra"
"965",967,-6.698068,5.532563,"Bas-Sassandra"
"966",968,-5.297313,6.889354,"Lacs"
"967",969,-7.150399,7.640225,"Dix-Huit Montagnes"
"968",970,-4.055803,5.489903,"Lagunes"
"969",971,-5.14136,9.865936,"Savanes"
"970",972,-4.069111,5.351727,"Lagunes"
"971",973,-6.651274,4.778034,"Bas-Sassandra"
"972",974,-5.720149,8.137478,"Worodougou"
"973",975,-4.054094,5.471627,"Lagunes"
"974",976,-2.95294,7.943184,"Zanzan"
"975",977,-4.080665,5.323305,"Lagunes"
"976",978,-6.202082,9.546601,"Savanes"
"977",979,-4.021144,5.305735,"Lagunes"
"978",980,-6.522415,7.293005,"Haut-Sassandra"
"979",981,-6.932338,7.957018,"Worodougou"
"980",982,-3.980657,5.36154,"Lagunes"
"981",983,-4.554739,5.661731,"Lagunes"
"982",984,-5.399283,9.615114,"Savanes"
"983",985,-5.909124,6.627758,"Marahoué"
"984",986,-4.931111,6.070418,"Lagunes"
"985",987,-3.974381,5.408791,"Lagunes"
"986",988,-6.038795,5.308711,"Bas-Sassandra"
"987",989,-7.839806,8.090833,"Bafing"
"988",990,-4.079025,5.353319,"Lagunes"
"989",991,-6.099268,9.345653,"Savanes"
"990",992,-3.941862,5.252234,"Lagunes"
"991",993,-6.023974,8.412343,"Worodougou"
"992",994,-4.026684,5.328545,"Lagunes"
"993",995,-3.999637,5.371768,"Lagunes"
"994",996,-3.998696,5.348125,"Lagunes"
"995",997,-6.442098,6.856231,"Haut-Sassandra"
"996",998,-4.013608,5.321946,"Lagunes"
"997",999,-7.080512,4.674656,"Bas-Sassandra"
"998",1000,-4.02345,5.328242,"Lagunes"
"999",1001,-2.753803,7.996683,"Zanzan"
"1000",1002,-4.701064,6.642362,"N'zi-Comoé"
"1001",1003,-7.784464,7.860739,"Dix-Huit Montagnes"
"1002",1004,-3.958797,5.326502,"Lagunes"
"1003",1005,-3.977956,5.390427,"Lagunes"
"1004",1006,-3.996183,5.298053,"Lagunes"
"1005",1007,-5.921794,6.610487,"Marahoué"
"1006",1008,-4.097359,5.377776,"Lagunes"
"1007",1009,-3.186495,6.087522,"Sud-Comoé"
"1008",1010,-4.226197,5.32006,"Lagunes"
"1009",1011,-4.181172,5.338324,"Lagunes"
"1010",1012,-5.273617,6.793558,"Lacs"
"1011",1013,-4.064887,5.35407,"Lagunes"
"1012",1014,-2.687337,8.137369,"Zanzan"
"1013",1015,-6.819456,5.760641,"Bas-Sassandra"
"1014",1016,-6.615019,5.77325,"Bas-Sassandra"
"1015",1017,-4.075927,5.373855,"Lagunes"
"1016",1018,-4.012899,5.443486,"Lagunes"
"1017",1019,-3.989324,5.394109,"Lagunes"
"1018",1020,-4.07382,5.342848,"Lagunes"
"1019",1021,-5.74737,6.977082,"Marahoué"
"1020",1022,-3.976474,5.308242,"Lagunes"
"1021",1023,-3.912997,5.24845,"Lagunes"
"1022",1024,-4.08849,5.333922,"Lagunes"
"1023",1025,-4.000633,5.334601,"Lagunes"
"1024",1026,-4.03299,5.354488,"Lagunes"
"1025",1027,-3.94374,5.309186,"Lagunes"
"1026",1028,-4.044759,5.436365,"Lagunes"
"1027",1029,-3.956425,5.383992,"Lagunes"
"1028",1030,-4.019965,5.32783,"Lagunes"
"1029",1031,-3.992217,5.406264,"Lagunes"
"1030",1032,-6.470442,6.888433,"Haut-Sassandra"
"1031",1033,-4.028116,5.426486,"Lagunes"
"1032",1034,-3.993941,5.375575,"Lagunes"
"1033",1035,-3.968842,5.355836,"Lagunes"
"1034",1036,-3.997956,5.335125,"Lagunes"
"1035",1037,-3.99997,5.403825,"Lagunes"
"1036",1038,-4.059227,5.436523,"Lagunes"
"1037",1039,-4.02071,5.355059,"Lagunes"
"1038",1040,-4.101965,5.32932,"Lagunes"
"1039",1041,-5.281512,6.698118,"Lacs"
"1040",1042,-7.174698,8.475566,"Bafing"
"1041",1043,-5.279875,9.518572,"Savanes"
"1042",1044,-5.313813,9.31672,"Vallée du Bandama"
"1043",1045,-6.162711,7.595659,"Marahoué"
"1044",1046,-6.148401,7.548696,"Marahoué"
"1045",1047,-3.993232,5.354921,"Lagunes"
"1046",1048,-3.966466,5.370573,"Lagunes"
"1047",1049,-5.064446,6.267423,"Lagunes"
"1048",1050,-3.050732,7.986611,"Zanzan"
"1049",1051,-7.351712,4.408735,NA
"1050",1052,-5.17608,9.057534,"Vallée du Bandama"
"1051",1053,-5.715859,5.952427,"Sud-Bandama"
"1052",1054,-6.406859,6.81041,"Haut-Sassandra"
"1053",1055,-7.437721,5.910885,"Moyen-Cavally"
"1054",1056,-2.978213,7.247045,"Zanzan"
"1055",1057,-6.78784,5.760175,"Bas-Sassandra"
"1056",1058,-3.149886,7.821147,"Zanzan"
"1057",1059,-3.294586,7.185922,"Moyen-Comoé"
"1058",1060,-3.180923,7.324107,"Zanzan"
"1059",1062,-4.078347,5.318462,"Lagunes"
"1060",1063,-6.432639,6.893828,"Haut-Sassandra"
"1061",1064,-6.056476,6.116848,"Fromager"
"1062",1065,-8.125467,7.027796,"Dix-Huit Montagnes"
"1063",1066,-5.640454,9.444401,"Savanes"
"1064",1067,-5.976049,6.391187,"Fromager"
"1065",1068,-8.191481,7.185767,"Dix-Huit Montagnes"
"1066",1069,-4.073926,5.329682,"Lagunes"
"1067",1070,-3.946385,5.34052,"Lagunes"
"1068",1071,-7.24635,6.75977,"Moyen-Cavally"
"1069",1072,-5.274026,6.825037,"Lacs"
"1070",1073,-3.025978,5.140762,"Sud-Comoé"
"1071",1074,-4.836461,5.8993,"Lagunes"
"1072",1075,-5.962343,5.192678,"Bas-Sassandra"
"1073",1076,-5.225292,7.140274,"Lacs"
"1074",1077,-5.226838,7.160973,"Lacs"
"1075",1078,-5.154451,5.606403,"Sud-Bandama"
"1076",1079,-5.314328,9.678264,"Savanes"
"1077",1080,-7.261318,9.517848,"Denguélé"
"1078",1081,-4.605355,6.515369,"N'zi-Comoé"
"1079",1082,-4.779862,7.407484,"Lacs"
"1080",1083,-5.752911,8.448706,"Worodougou"
"1081",1084,-5.725263,8.179231,"Worodougou"
"1082",1085,-7.477706,10.331072,"Denguélé"
"1083",1086,-3.060236,7.220449,"Zanzan"
"1084",1087,-7.444431,7.376089,"Dix-Huit Montagnes"
"1085",1088,-4.956745,8.144781,"Vallée du Bandama"
"1086",1089,-6.384948,10.473013,"Savanes"
"1087",1090,-8.484241,6.534166,"Moyen-Cavally"
"1088",1091,-5.868789,6.090734,"Fromager"
"1089",1092,-4.953337,5.896717,"Lagunes"
"1090",1093,-5.498242,6.926563,"Lacs"
"1091",1094,-6.107153,8.302688,"Worodougou"
"1092",1095,-5.701889,9.934165,"Savanes"
"1093",1096,-6.194959,8.070381,"Worodougou"
"1094",1097,-5.642838,6.343247,"Fromager"
"1095",1098,-6.465024,6.945142,"Haut-Sassandra"
"1096",1099,-5.675625,8.819672,"Vallée du Bandama"
"1097",1100,-3.943354,5.329308,"Lagunes"
"1098",1101,-7.682574,8.286433,"Bafing"
"1099",1102,-7.6837,8.275936,"Bafing"
"1100",1103,-6.519713,5.293636,"Bas-Sassandra"
"1101",1104,-4.80471,5.149611,NA
"1102",1105,-8.43793,6.576323,"Moyen-Cavally"
"1103",1106,-5.017079,6.554245,"Lacs"
"1104",1107,-5.729538,10.380158,"Savanes"
"1105",1108,-6.510985,9.906997,"Savanes"
"1106",1109,-4.536995,5.300141,"Lagunes"
"1107",1110,-2.981886,7.538756,"Zanzan"
"1108",1111,-4.008704,5.304253,"Lagunes"
"1109",1112,-5.01455,7.67953,"Vallée du Bandama"
"1110",1113,-4.059708,5.328403,"Lagunes"
"1111",1114,-4.051642,5.460177,"Lagunes"
"1112",1115,-4.004685,5.281529,"Lagunes"
"1113",1116,-4.076574,5.363365,"Lagunes"
"1114",1117,-4.736053,6.662581,"N'zi-Comoé"
"1115",1118,-6.643506,7.412852,"Haut-Sassandra"
"1116",1119,-5.582278,7.666136,"Vallée du Bandama"
"1117",1120,-6.997255,7.466479,"Haut-Sassandra"
"1118",1121,-6.478066,7.375988,"Haut-Sassandra"
"1119",1122,-3.976829,5.351453,"Lagunes"
"1120",1123,-4.146375,5.383531,"Lagunes"
"1121",1124,-4.018149,5.431777,"Lagunes"
"1122",1125,-4.00767,5.307767,"Lagunes"
"1123",1126,-4.019397,5.268509,"Lagunes"
"1124",1127,-4.073444,5.339271,"Lagunes"
"1125",1128,-4.01321,5.413054,"Lagunes"
"1126",1129,-4.067936,5.346604,"Lagunes"
"1127",1130,-6.786988,4.924203,"Bas-Sassandra"
"1128",1131,-4.021973,5.366494,"Lagunes"
"1129",1132,-4.106697,5.33492,"Lagunes"
"1130",1133,-7.028058,6.174261,"Bas-Sassandra"
"1131",1134,-6.600531,5.959034,"Bas-Sassandra"
"1132",1135,-3.396721,6.9481,"Moyen-Comoé"
"1133",1136,-3.961984,5.818958,"Agnéby"
"1134",1137,-3.649335,6.189947,"Agnéby"
"1135",1138,-3.968872,5.392038,"Lagunes"
"1136",1139,-6.508826,5.973005,"Bas-Sassandra"
"1137",1140,-5.257207,6.840956,"Lacs"
"1138",1141,-4.085163,5.345281,"Lagunes"
"1139",1142,-5.851367,6.706735,"Marahoué"
"1140",1143,-3.967178,7.732124,"N'zi-Comoé"
"1141",1144,-3.630282,5.252063,"Lagunes"
"1142",1145,-3.16087,5.804869,"Sud-Comoé"
"1143",1146,-4.007219,5.418145,"Lagunes"
"1144",1147,-5.107579,5.270079,"Sud-Bandama"
"1145",1148,-4.07045,5.322654,"Lagunes"
"1146",1149,-4.078238,5.342349,"Lagunes"
"1147",1150,-4.089831,5.366032,"Lagunes"
"1148",1151,-5.832099,6.407401,"Fromager"
"1149",1152,-3.691192,8.09256,"Zanzan"
"1150",1153,-7.48596,6.22228,"Moyen-Cavally"
"1151",1154,-6.036881,6.926087,"Marahoué"
"1152",1155,-6.37152,10.085516,"Savanes"
"1153",1156,-5.260911,6.809881,"Lacs"
"1154",1157,-6.660267,6.967025,"Haut-Sassandra"
"1155",1158,-6.502835,6.243347,"Bas-Sassandra"
"1156",1159,-6.242608,6.800704,"Haut-Sassandra"
"1157",1160,-5.380955,6.728269,"Lacs"
"1158",1161,-6.060696,7.430141,"Marahoué"
"1159",1162,-5.356759,6.4316,"Fromager"
"1160",1163,-2.816409,8.047891,"Zanzan"
"1161",1164,-3.37261,6.4347,"Moyen-Comoé"
"1162",1165,-5.308225,6.137375,"Sud-Bandama"
"1163",1166,-5.418121,6.885821,"Lacs"
"1164",1167,-7.843287,6.563043,"Moyen-Cavally"
"1165",1168,-8.162403,6.986683,"Dix-Huit Montagnes"
"1166",1169,-5.936842,6.354122,"Fromager"
"1167",1170,-6.530113,6.917546,"Haut-Sassandra"
"1168",1171,-5.591397,5.169862,"Sud-Bandama"
"1169",1172,-5.200761,6.135884,"Sud-Bandama"
"1170",1173,-5.785561,6.547296,"Marahoué"
"1171",1174,-3.958031,7.054591,"N'zi-Comoé"
"1172",1175,-3.9465,5.334642,"Lagunes"
"1173",1176,-6.369645,6.905912,"Haut-Sassandra"
"1174",1177,-6.594385,5.890346,"Bas-Sassandra"
"1175",1178,-4.081445,5.369224,"Lagunes"
"1176",1179,-8.131365,7.120678,"Dix-Huit Montagnes"
"1177",1180,-5.467192,5.769567,"Sud-Bandama"
"1178",1181,-5.716071,6.0531,"Sud-Bandama"
"1179",1182,-5.073717,7.097454,"Lacs"
"1180",1183,-6.15944,6.314571,"Fromager"
"1181",1184,-3.991798,5.379097,"Lagunes"
"1182",1185,-7.835124,6.982713,"Dix-Huit Montagnes"
"1183",1186,-8.1973,6.918422,"Dix-Huit Montagnes"
"1184",1187,-6.776448,6.78692,"Haut-Sassandra"
"1185",1188,-6.612299,6.213366,"Bas-Sassandra"
"1186",1189,-6.87623,6.782261,"Haut-Sassandra"
"1187",1190,-6.280406,6.482835,"Haut-Sassandra"
"1188",1191,-4.004014,5.396899,"Lagunes"
"1189",1192,-6.040607,7.430058,"Marahoué"
"1190",1193,-3.962886,5.258589,"Lagunes"
"1191",1194,-4.061409,5.35017,"Lagunes"
"1192",1195,-5.729087,9.906391,"Savanes"
"1193",1196,-3.401652,5.717779,"Sud-Comoé"
"1194",1197,-5.210215,6.080446,"Sud-Bandama"
"1195",1198,-4.098662,6.853491,"N'zi-Comoé"
"1196",1199,-4.374957,6.015209,"Agnéby"
"1197",1201,-3.919027,5.250004,"Lagunes"
"1198",1202,-6.559049,6.5901,"Haut-Sassandra"
"1199",1203,-3.319203,7.810947,"Zanzan"
"1200",1204,-5.464682,5.229399,"Sud-Bandama"
"1201",1206,-6.440637,6.779499,"Haut-Sassandra"
"1202",1207,-5.966848,6.940755,"Marahoué"
"1203",1209,-3.224453,7.678262,"Zanzan"
"1204",1210,-3.122347,7.696913,"Zanzan"
"1205",1211,-4.331352,6.945681,"N'zi-Comoé"
"1206",1212,-6.057989,7.514042,"Marahoué"
"1207",1214,-5.725953,6.804113,"Marahoué"
"1208",1215,-5.26448,7.239703,"Lacs"
"1209",1216,-3.285428,7.880712,"Zanzan"
"1210",1217,-5.552958,6.477255,"Fromager"
"1211",1218,-3.128618,7.959227,"Zanzan"
"1212",1219,-5.3023,5.51434,"Sud-Bandama"
"1213",1220,-4.627866,5.591925,"Lagunes"
"1214",1221,-3.577463,7.547218,"Zanzan"
"1215",1222,-4.391984,5.372978,"Lagunes"
"1216",1223,-4.660082,7.448089,"N'zi-Comoé"
"1217",1224,-4.994017,7.401084,"Lacs"
"1218",1225,-4.255717,5.417749,"Lagunes"
"1219",1226,-4.820098,6.837881,"N'zi-Comoé"
"1220",1227,-3.891184,7.365258,"N'zi-Comoé"
"1221",1228,-4.08288,5.320877,"Lagunes"
"1222",1229,-4.05858,5.338743,"Lagunes"
"1223",1230,-5.541175,6.907344,"Marahoué"
"1224",1231,-4.014404,5.320946,"Lagunes"
"1225",1232,-3.982302,5.304477,"Lagunes"
"1226",1233,-7.586397,7.288547,"Dix-Huit Montagnes"
"1227",1234,-4.005167,5.32725,"Lagunes"
"1228",1235,-3.988471,5.341687,"Lagunes"
"1229",1236,-4.084326,5.338377,"Lagunes"
"1230",1237,-4.08655,5.350422,"Lagunes"
"1231",1238,-4.603487,6.630197,"N'zi-Comoé"
