,x,y,department
1,-4.143452,5.342044,Abidjan
2,-3.913602,5.341612,Abidjan
3,-3.967045,5.263331,Abidjan
4,-4.070007,5.451365,Abidjan
5,-3.496235,6.72941,Abengourou
6,-3.485944,6.729422,Abengourou
7,-3.981175,5.273144,Abidjan
8,-3.911705,5.85801,Adzopé
9,-4.014445,5.42112,Abidjan
10,-4.0216,5.446905,Abidjan
11,-4.006585,5.435913,Abidjan
12,-4.018753,5.420699,Abidjan
13,-3.997226,5.417191,Abidjan
14,-3.99805,5.407898,Abidjan
15,-3.211737,5.469107,Aboisso
16,-4.095467,6.66473,Bongouanou
17,-3.543346,6.221734,Adzopé
18,-4.531543,5.888553,Agboville
19,-3.164583,5.29179,Aboisso
20,-4.110951,5.315826,Abidjan
21,-5.222521,5.31805,Divo
22,-3.267292,5.422211,Aboisso
23,-4.643405,5.175587,Abidjan
24,-5.829559,5.503682,Sassandra
25,-3.312813,5.30441,Aboisso
26,-4.196007,5.318276,Abidjan
27,-4.025873,5.349383,Abidjan
28,-6.850079,4.770215,San-Pédro
29,-3.886351,5.241777,Abidjan
30,-3.854787,6.091386,Adzopé
31,-3.932052,5.25524,Abidjan
32,-3.932886,5.254522,Abidjan
33,-3.936289,5.255852,Abidjan
34,-3.932173,5.255158,Abidjan
35,-3.389103,6.65709,Abengourou
36,-3.943785,6.324254,Adzopé
37,-2.919295,5.414372,Aboisso
38,-4.030648,5.362591,Abidjan
39,-4.210628,5.92858,Agboville
40,-4.023072,5.323831,Abidjan
41,-3.953847,5.362749,Abidjan
42,-4.217436,5.928619,Agboville
43,-4.480228,6.48586,Bongouanou
44,-3.204848,7.127898,Agnibilékrou
45,-3.944274,5.979019,Adzopé
46,-3.855413,6.358537,Adzopé
47,-4.938259,6.257808,Tiassalé
48,-6.088081,6.046795,Gagnoa
49,-4.889781,5.526307,Grand-Lahou
50,-5.312954,7.65729,Bouaké
51,-5.057637,7.682969,Bouaké
52,-3.802443,5.477023,Abidjan
53,-5.023201,7.661988,Bouaké
54,-3.960562,5.289332,Abidjan
55,-3.196808,6.394176,NA
56,-4.011552,5.450978,Abidjan
57,-4.039695,5.327666,Abidjan
58,-3.229693,6.964909,Agnibilékrou
59,-5.074323,7.234814,Yamoussoukro
60,-5.326043,6.839458,Yamoussoukro
61,-3.940107,5.35375,Abidjan
62,-5.502224,6.346656,Oumé
63,-3.886707,6.379913,Adzopé
64,-5.879383,6.938892,Bouaflé
65,-4.362741,5.44985,Abidjan
66,-3.066385,5.678652,Aboisso
67,-5.622253,5.656363,Lakota
68,-4.362966,5.206767,Abidjan
69,-3.961111,5.26983,Abidjan
70,-3.66106,5.497098,Abidjan
71,-3.850767,5.234282,Abidjan
72,-3.961963,5.349939,Abidjan
73,-2.901394,5.272661,Aboisso
74,-5.047979,7.917161,Bouaké
75,-4.069722,5.326284,Abidjan
76,-3.957629,5.310841,Abidjan
77,-4.088085,5.321261,Abidjan
78,-5.260289,7.351836,Sakassou
79,-3.960988,5.363379,Abidjan
80,-3.576687,6.822775,Abengourou
81,-4.060129,5.322377,Abidjan
82,-3.97537,5.303743,Abidjan
83,-3.535525,7.106592,Agnibilékrou
84,-4.257006,7.317604,Daoukro
85,-5.973374,6.121154,Gagnoa
86,-4.020957,5.396149,Abidjan
87,-4.099931,5.34533,Abidjan
88,-4.470855,6.076311,Agboville
89,-3.765255,6.230481,Adzopé
90,-4.006379,5.342979,Abidjan
91,-6.918692,7.662726,Vavoua
92,-4.063918,6.778021,Bongouanou
93,-5.557924,7.485534,Sakassou
94,-4.067051,5.366841,Abidjan
95,-3.984856,5.404333,Abidjan
96,-4.010147,5.42625,Abidjan
97,-5.029667,6.681041,Toumodi
98,-5.538657,7.026516,Bouaflé
99,-3.987795,5.387504,Abidjan
100,-3.671596,6.651527,Abengourou
101,-3.968803,5.348878,Abidjan
102,-3.972668,5.338835,Abidjan
103,-3.963821,5.304552,Abidjan
104,-4.521858,6.333795,Bongouanou
105,-4.049611,5.493694,Abidjan
106,-3.415245,6.560297,Abengourou
107,-2.850978,7.882746,Bondoukou
108,-3.17258,5.98135,Aboisso
109,-3.333329,6.299667,Abengourou
110,-3.354502,6.986765,Abengourou
111,-4.007751,5.329997,Abidjan
112,-4.059797,7.139565,Daoukro
113,-3.945723,6.669894,Bongouanou
114,-4.002847,5.300285,Abidjan
115,-3.761142,5.210271,Abidjan
116,-5.149748,7.610253,Bouaké
117,-3.888782,6.953638,Bongouanou
118,-5.392878,7.352591,Sakassou
119,-4.286104,6.77575,Bongouanou
120,-3.812074,5.973719,Adzopé
121,-3.507525,5.143694,NA
122,-4.984303,6.49995,Toumodi
123,-2.988659,7.712284,Tanda
124,-4.019877,5.32314,Abidjan
125,-3.387237,5.145088,NA
126,-4.08183,5.331853,Abidjan
127,-5.118239,6.783518,Yamoussoukro
128,-3.983764,5.545714,Abidjan
129,-4.179349,5.45614,Abidjan
130,-3.979273,5.366714,Abidjan
131,-4.045171,6.06715,Agboville
132,-5.250039,6.802218,Yamoussoukro
133,-7.564386,9.502505,Odienné
134,-3.161502,5.60284,Aboisso
135,-4.045033,5.632944,Agboville
136,-4.088991,5.526551,Abidjan
137,-4.088784,5.312996,Abidjan
138,-3.985522,5.300026,Abidjan
139,-6.780258,7.125523,Vavoua
140,-6.65866,4.76788,San-Pédro
141,-5.94555,6.148645,Gagnoa
142,-4.89402,5.657079,Grand-Lahou
143,-4.018886,5.318739,Abidjan
144,-5.356928,5.842847,Divo
145,-5.152683,9.190529,Katiola
146,-4.057111,5.333743,Abidjan
147,-4.111707,5.369141,Abidjan
148,-3.88921,5.346685,Abidjan
149,-7.214502,6.897852,Duékoué
150,-6.522211,6.180779,Soubré
151,-5.808089,6.493828,Gagnoa
152,-6.459591,7.237881,Vavoua
153,-6.036916,5.548626,Sassandra
154,-7.574627,9.185684,Odienné
155,-8.405955,6.457124,Guiglo
156,-6.42959,6.320125,Issia
157,-5.448673,9.505962,Korhogo
158,-6.003071,5.414547,Sassandra
159,-6.346468,5.20854,Sassandra
160,-4.306268,6.701733,Bongouanou
161,-5.625662,9.474096,Korhogo
162,-6.735606,8.839828,Séguéla
163,-4.073871,5.333064,Abidjan
164,-6.189007,7.188134,Daloa
165,-4.022178,5.347719,Abidjan
166,-7.493517,7.01918,Bangolo
167,-4.340991,6.164495,Agboville
168,-3.962161,5.297789,Abidjan
169,-6.66898,4.772571,San-Pédro
170,-3.951484,5.246958,NA
171,-4.091508,5.338455,Abidjan
172,-5.29165,6.824332,Yamoussoukro
173,-3.741967,5.208949,Abidjan
174,-4.134714,8.040593,Dabakala
175,-5.989317,6.008171,Gagnoa
176,-5.958943,6.46199,Gagnoa
177,-4.008022,5.907137,Adzopé
178,-3.84168,6.47148,Adzopé
179,-6.277189,7.168953,Daloa
180,-3.599589,5.275466,Abidjan
181,-6.856408,6.870535,Daloa
182,-4.005653,5.406751,Abidjan
183,-3.996002,5.303214,Abidjan
184,-3.981183,5.347603,Abidjan
185,-4.458363,6.779429,Dimbokro
186,-5.570656,7.679088,Béoumi
187,-3.960442,5.336617,Abidjan
188,-4.023854,5.356878,Abidjan
189,-3.410267,6.078371,Abengourou
190,-4.014304,5.342935,Abidjan
191,-3.981093,5.444594,Abidjan
192,-4.004623,5.311905,Abidjan
193,-7.61935,7.732864,Biankouma
194,-3.194078,6.00951,Aboisso
195,-3.754619,6.802551,Abengourou
196,-4.023901,5.333848,Abidjan
197,-6.219751,6.637728,Daloa
198,-4.031213,5.346444,Abidjan
199,-3.630361,6.071691,Adzopé
200,-3.972002,5.272823,Abidjan
201,-6.145423,6.208062,Gagnoa
202,-4.360453,5.938451,Agboville
203,-8.312376,6.768741,Danané
204,-4.693509,5.820192,Tiassalé
205,-3.99589,5.400109,Abidjan
206,-5.015629,6.562483,Toumodi
207,-3.889793,5.355916,Abidjan
208,-6.034083,7.338732,Zuénoula
209,-4.026443,5.355336,Abidjan
210,-6.580547,4.934835,San-Pédro
211,-3.869922,5.348026,Abidjan
212,-5.712812,6.316644,Oumé
213,-7.170058,7.15516,Bangolo
214,-6.402054,10.195996,Boundiali
215,-7.468959,4.52897,Tabou
216,-3.998233,5.324333,Abidjan
217,-7.983435,6.594375,Guiglo
218,-4.00602,5.328494,Abidjan
219,-4.54144,7.044252,Dimbokro
220,-4.672973,5.905593,Tiassalé
221,-5.487001,7.897072,Béoumi
222,-6.20083,6.385569,Issia
223,-7.334768,9.906512,Odienné
224,-6.525366,6.654184,Issia
225,-4.053861,5.325659,Abidjan
226,-3.981421,5.398935,Abidjan
227,-4.808063,7.198303,Yamoussoukro
228,-3.776135,6.582961,Adzopé
229,-3.232956,8.28194,Bondoukou
230,-2.801975,8.042674,Bondoukou
231,-3.526192,5.488762,Abidjan
232,-4.204861,6.6585,Bongouanou
233,-4.204861,6.6585,Bongouanou
234,-4.210963,7.683941,Mbahiakro
235,-3.956538,5.370529,Abidjan
236,-4.640944,8.352322,Dabakala
237,-4.106718,5.344941,Abidjan
238,-5.217724,6.370207,Oumé
239,-6.051272,6.924573,Bouaflé
240,-3.596764,5.261879,Abidjan
241,-6.485888,7.145734,Vavoua
242,-3.964356,5.360864,Abidjan
243,-3.512154,6.734689,Abengourou
244,-7.758445,8.839415,Touba
245,-4.014864,5.317638,Abidjan
246,-7.50852,8.774095,Touba
247,-5.295145,7.877907,Bouaké
248,-5.260349,7.012374,Yamoussoukro
249,-5.854713,7.263305,Bouaflé
250,-5.753299,6.98254,Bouaflé
251,-5.031158,7.681516,Bouaké
252,-5.672175,8.211383,Mankono
253,-3.804281,6.251303,Adzopé
254,-5.31967,5.634025,Divo
255,-2.982898,9.277208,Bouna
256,-5.489291,6.722429,Sinfra
257,-6.557875,9.521702,Boundiali
258,-4.024002,5.359853,Abidjan
259,-3.815094,5.296401,Abidjan
260,-4.015951,5.433888,Abidjan
261,-4.162748,5.309044,Abidjan
262,-4.846348,7.600497,Bouaké
263,-6.379644,6.498782,Issia
264,-4.040343,6.912917,Bongouanou
265,-6.516944,7.601789,Vavoua
266,-5.526901,5.519589,Divo
267,-4.221507,6.654994,Bongouanou
268,-7.004209,6.25824,Soubré
269,-7.014496,6.247475,Soubré
270,-5.261862,6.821173,Yamoussoukro
271,-3.987618,5.419455,Abidjan
272,-3.495588,6.715023,Abengourou
273,-5.278736,6.867756,Yamoussoukro
274,-3.937196,5.306728,Abidjan
275,-3.988471,5.341687,Abidjan
276,-5.027187,7.651894,Bouaké
277,-6.613363,4.736188,San-Pédro
278,-3.98565,5.297623,Abidjan
279,-4.028446,5.330621,Abidjan
280,-4.015731,5.357661,Abidjan
281,-4.000783,5.297394,Abidjan
282,-3.983911,5.381465,Abidjan
283,-4.001895,5.307834,Abidjan
284,-4.397612,6.243561,Agboville
285,-4.02162,5.419177,Abidjan
286,-4.091533,5.354696,Abidjan
287,-4.088099,5.307023,Abidjan
288,-6.681608,7.954907,Séguéla
289,-4.073932,5.355972,Abidjan
290,-4.003454,5.295194,Abidjan
291,-3.083494,7.267637,Tanda
292,-4.014943,5.323478,Abidjan
293,-7.627257,6.193596,Guiglo
294,-5.076243,5.703332,Divo
295,-3.204733,7.143858,Agnibilékrou
296,-5.060519,7.705747,Bouaké
297,-4.024601,5.363671,Abidjan
298,-4.010922,5.399818,Abidjan
299,-6.44185,6.871595,Daloa
300,-3.935408,5.363574,Abidjan
301,-4.03383,5.357051,Abidjan
302,-3.92971,5.391959,Abidjan
303,-4.110586,5.330667,Abidjan
304,-3.965509,5.291529,Abidjan
305,-3.999674,5.423816,Abidjan
306,-4.000748,5.374202,Abidjan
307,-4.01714,5.321476,Abidjan
308,-4.004406,5.340151,Abidjan
309,-4.013611,5.438612,Abidjan
310,-4.01369,5.438639,Abidjan
311,-3.967119,5.299439,Abidjan
312,-4.008216,5.275964,Abidjan
313,-4.064482,5.337499,Abidjan
314,-6.629436,4.745129,San-Pédro
315,-5.215331,6.761555,Yamoussoukro
316,-4.088608,5.389323,Abidjan
317,-4.665621,5.322357,Abidjan
318,-3.957371,5.358006,Abidjan
319,-6.490724,6.392517,Issia
320,-4.323761,5.340854,Abidjan
321,-4.012045,5.310706,Abidjan
322,-4.389752,8.375399,Dabakala
323,-4.375537,5.318976,Abidjan
324,-2.94529,7.814484,Tanda
325,-6.813001,5.114723,San-Pédro
326,-6.320198,6.54833,Issia
327,-5.510773,5.301664,Divo
328,-5.466395,5.673988,Divo
329,-6.065527,5.256029,Sassandra
330,-4.045457,5.340968,Abidjan
331,-6.450498,6.886308,Daloa
332,-3.153331,7.049857,Agnibilékrou
333,-8.152263,7.259263,Danané
334,-6.841279,7.133519,Vavoua
335,-3.965796,7.055639,Daoukro
336,-5.031067,7.715351,Bouaké
337,-5.824194,5.099781,Divo
338,-5.741224,6.994209,Bouaflé
339,-4.044116,5.308768,Abidjan
340,-4.390144,5.364414,Abidjan
341,-6.590733,7.311535,Vavoua
342,-6.649482,4.725307,San-Pédro
343,-5.928215,6.108661,Gagnoa
344,-4.019221,5.320609,Abidjan
345,-5.195365,7.75733,Bouaké
346,-3.981818,5.393693,Abidjan
347,-5.358733,5.827758,Divo
348,-3.327757,6.223788,Abengourou
349,-3.335695,6.572469,Abengourou
350,-4.581687,6.776808,Dimbokro
351,-6.04054,6.786449,Bouaflé
352,-6.267351,8.943313,Mankono
353,-6.19312,8.740131,Mankono
354,-6.597819,8.194899,Séguéla
355,-3.333382,5.400626,Aboisso
356,-5.465835,10.097692,Ferkessédougou
357,-8.092374,6.459497,Guiglo
358,-4.0264,5.341349,Abidjan
359,-2.994964,5.676073,Aboisso
360,-4.017303,5.446589,Abidjan
361,-4.963677,7.095189,Yamoussoukro
362,-5.333982,6.022745,Divo
363,-5.579036,6.290311,Oumé
364,-4.410055,6.495486,Bongouanou
365,-6.276296,6.290551,Gagnoa
366,-5.77795,9.060697,Korhogo
367,-4.705146,6.647368,Dimbokro
368,-3.597292,5.2825,Abidjan
369,-3.763411,5.652925,Abidjan
370,-3.489765,6.739238,Abengourou
371,-5.28663,6.799785,Yamoussoukro
372,-7.16542,8.943801,Séguéla
373,-5.365853,5.835745,Divo
374,-6.167662,6.904209,Bouaflé
375,-3.649513,6.151548,Adzopé
376,-6.644531,4.761053,San-Pédro
377,-5.079317,7.536351,Bouaké
378,-5.110817,6.476978,Toumodi
379,-3.004928,5.279952,Aboisso
380,-6.593956,5.775369,Soubré
381,-3.978407,5.402154,Abidjan
382,-6.972517,8.764125,Séguéla
383,-5.05917,5.758322,Divo
384,-6.891037,5.640617,Soubré
385,-3.994207,5.396479,Abidjan
386,-7.307506,5.379847,Tabou
387,-6.820336,5.207025,San-Pédro
388,-7.067603,4.933897,San-Pédro
389,-8.099251,6.577519,Guiglo
390,-7.0632,6.890848,Duékoué
391,-7.558489,7.407572,Man
392,-3.303137,9.802884,Bouna
393,-5.615294,6.998964,Bouaflé
394,-4.025588,5.32152,Abidjan
395,-5.325081,5.279491,Divo
396,-5.549091,6.416902,Oumé
397,-6.558591,8.109144,Séguéla
398,-7.335697,6.736038,Duékoué
399,-3.444847,7.102875,Agnibilékrou
400,-3.103167,5.721778,Aboisso
401,-3.349588,6.364953,Abengourou
402,-3.108281,5.156429,Aboisso
403,-2.946871,5.196997,Aboisso
404,-3.907973,5.249202,Abidjan
405,-3.036088,5.287374,Aboisso
406,-4.181827,5.674443,Agboville
407,-4.517431,5.687066,Abidjan
408,-4.024204,5.438757,Abidjan
409,-3.978126,5.37435,Abidjan
410,-3.99866,5.3584,Abidjan
411,-5.009199,7.70456,Bouaké
412,-5.243575,6.865502,Yamoussoukro
413,-5.376729,6.243589,Oumé
414,-6.433916,6.865056,Daloa
415,-3.751258,7.30311,Daoukro
416,-4.20603,5.977015,Agboville
417,-7.38354,7.377818,Man
418,-4.013284,5.300806,Abidjan
419,-4.055642,5.476997,Abidjan
420,-4.029536,5.446151,Abidjan
421,-3.978754,7.887024,Mbahiakro
422,-3.947516,5.310266,Abidjan
423,-4.02693,5.433253,Abidjan
424,-6.663211,4.982726,San-Pédro
425,-4.018204,5.327251,Abidjan
426,-7.40235,6.802779,Duékoué
427,-6.881954,9.888806,Odienné
428,-5.173229,9.57733,Ferkessédougou
429,-4.991186,7.718325,Bouaké
430,-6.639379,4.803877,San-Pédro
431,-4.073191,5.348648,Abidjan
432,-3.093567,8.522855,Bondoukou
433,-3.954244,5.346763,Abidjan
434,-5.260561,6.788305,Yamoussoukro
435,-4.006901,5.394319,Abidjan
436,-4.025498,5.347331,Abidjan
437,-4.001763,5.273797,Abidjan
438,-4.039175,5.321305,Abidjan
439,-2.960267,5.143338,Aboisso
440,-4.020374,5.347431,Abidjan
441,-5.596074,5.114361,Divo
442,-3.996757,5.315408,Abidjan
443,-3.971989,5.311081,Abidjan
444,-5.136517,8.232868,Katiola
445,-5.075063,7.667443,Bouaké
446,-5.374074,6.289009,Oumé
447,-6.398958,6.38666,Issia
448,-6.556242,5.014968,San-Pédro
449,-6.469458,7.057719,Daloa
450,-6.168467,6.674983,Daloa
451,-5.94227,6.130722,Gagnoa
452,-5.956072,6.13905,Gagnoa
453,-6.744566,5.040396,San-Pédro
454,-6.308456,5.995786,Gagnoa
455,-3.948415,5.291229,Abidjan
456,-5.811856,6.968019,Bouaflé
457,-4.020596,5.35227,Abidjan
458,-5.578072,5.476926,Divo
459,-6.420293,5.996544,Soubré
460,-6.353718,5.748795,Soubré
461,-7.510017,4.991704,Tabou
462,-7.533047,7.408513,Man
463,-7.13925,6.460956,Duékoué
464,-4.039971,5.441761,Abidjan
465,-6.585684,6.777569,Daloa
466,-6.445524,9.842149,Boundiali
467,-6.943101,4.645024,San-Pédro
468,-4.459888,5.336893,Abidjan
469,-5.011565,5.259537,Grand-Lahou
470,-3.936097,5.373825,Abidjan
471,-4.098191,5.361681,Abidjan
472,-8.2558,6.848719,Danané
473,-7.488701,6.202634,Guiglo
474,-6.695674,5.200523,San-Pédro
475,-6.920581,6.095993,Soubré
476,-5.842532,5.991305,Gagnoa
477,-5.788878,5.16862,Divo
478,-6.125097,5.901717,Gagnoa
479,-6.658015,5.693805,Soubré
480,-6.562302,5.137364,San-Pédro
481,-6.588124,5.788395,Soubré
482,-6.411278,5.891642,Soubré
483,-6.244498,6.89773,Daloa
484,-5.933819,6.116618,Gagnoa
485,-6.264471,5.656026,Soubré
486,-6.644302,5.243337,San-Pédro
487,-5.875734,7.468174,Zuénoula
488,-5.871653,7.575051,Zuénoula
489,-3.982461,5.331994,Abidjan
490,-3.970137,5.330806,Abidjan
491,-4.44255,5.741749,Abidjan
492,-6.241554,6.910795,Daloa
493,-5.056944,7.72555,Bouaké
494,-3.918318,5.242714,Abidjan
495,-4.065106,5.331971,Abidjan
496,-3.981615,6.97605,Bongouanou
497,-5.096036,6.143526,Divo
498,-6.257249,7.248938,Zuénoula
499,-7.232343,10.0322,Odienné
500,-2.967225,7.896009,Bondoukou
501,-6.536738,7.516731,Vavoua
502,-5.173287,6.719836,Toumodi
503,-7.416628,6.571898,Guiglo
504,-7.410396,4.922147,Tabou
505,-3.97072,6.02429,Adzopé
506,-3.767708,5.473576,Abidjan
507,-4.131656,5.82758,Agboville
508,-6.544046,6.120313,Soubré
509,-4.011513,5.320095,Abidjan
510,-6.903042,6.200876,Soubré
511,-5.498054,5.83572,Divo
512,-6.419613,5.050336,San-Pédro
513,-3.951586,5.370134,Abidjan
514,-4.092211,5.349731,Abidjan
515,-7.463198,6.899397,Duékoué
516,-6.942918,6.740812,Daloa
517,-4.249769,5.740303,Agboville
518,-6.064595,5.687304,Sassandra
519,-6.202436,6.265889,Gagnoa
520,-7.104274,6.726616,Duékoué
521,-7.48858,6.54446,Guiglo
522,-6.177912,6.236273,Gagnoa
523,-5.729851,9.224298,Korhogo
524,-7.499575,6.548957,Guiglo
525,-5.240423,5.532858,Divo
526,-3.968576,5.280758,Abidjan
527,-6.9618,4.691381,San-Pédro
528,-7.113375,4.743886,San-Pédro
529,-5.026854,5.93634,Divo
530,-5.375137,5.569036,Divo
531,-5.304716,6.195294,Divo
532,-3.973681,5.302463,Abidjan
533,-7.346521,6.745932,Duékoué
534,-7.352674,6.744438,Duékoué
535,-5.271294,9.602008,Ferkessédougou
536,-6.462767,6.87289,Daloa
537,-3.971822,5.291417,Abidjan
538,-6.829481,6.557124,Issia
539,-7.412778,4.686023,Tabou
540,-4.08068,5.271017,Abidjan
541,-3.741038,5.216546,Abidjan
542,-4.021495,5.325344,Abidjan
543,-3.861475,6.123827,Adzopé
544,-4.021516,5.337642,Abidjan
545,-3.982854,5.308647,Abidjan
546,-3.997911,5.344791,Abidjan
547,-5.230336,6.884146,Yamoussoukro
548,-3.979221,5.408609,Abidjan
549,-3.997855,5.264206,Abidjan
550,-4.009713,5.34732,Abidjan
551,-6.121149,6.710107,Bouaflé
552,-3.918091,6.166579,Adzopé
553,-4.810945,5.277572,Grand-Lahou
554,-5.162949,6.02769,Divo
555,-6.591126,6.486824,Issia
556,-6.574729,6.495825,Issia
557,-8.111105,6.921308,Danané
558,-4.000861,5.329992,Abidjan
559,-4.410116,5.209258,Abidjan
560,-4.093978,5.351223,Abidjan
561,-3.900311,5.242825,Abidjan
562,-3.990227,5.287957,Abidjan
563,-6.638127,4.743548,San-Pédro
564,-6.655096,4.750824,San-Pédro
565,-7.702269,7.736758,Biankouma
566,-3.908197,5.368849,Abidjan
567,-5.880514,8.957472,Korhogo
568,-4.048045,5.354356,Abidjan
569,-5.35869,6.149017,Divo
570,-3.968027,5.296172,Abidjan
571,-5.148806,6.84095,Yamoussoukro
572,-3.384673,5.300356,Aboisso
573,-3.970887,5.36474,Abidjan
574,-6.190153,10.362245,Tengréla
575,-3.922745,5.358844,Abidjan
576,-4.189861,6.645374,Bongouanou
577,-6.568541,8.396486,Séguéla
578,-7.494363,9.810881,Odienné
579,-3.964283,5.253716,Abidjan
580,-6.223618,7.329344,Zuénoula
581,-6.190267,9.883158,Boundiali
582,-5.101735,8.150414,Katiola
583,-4.107859,5.366512,Abidjan
584,-5.004701,7.684258,Bouaké
585,-3.163169,5.898876,Aboisso
586,-3.888342,6.387691,Adzopé
587,-6.657187,7.164719,Vavoua
588,-6.510922,6.83077,Daloa
589,-3.988129,5.426968,Abidjan
590,-3.999023,5.291489,Abidjan
591,-6.554129,5.397204,Soubré
592,-3.593544,6.737575,Abengourou
593,-4.632792,6.740119,Dimbokro
594,-3.925076,7.459637,Mbahiakro
595,-2.997322,5.565651,Aboisso
596,-6.538548,5.259052,San-Pédro
597,-3.357625,5.486608,Aboisso
598,-5.9375,6.239034,Gagnoa
599,-5.246719,6.551589,Toumodi
600,-5.276244,6.781851,Yamoussoukro
601,-6.473204,9.75921,Boundiali
602,-5.433118,9.308232,Korhogo
603,-5.361033,5.852308,Divo
604,-5.089482,7.4737,Bouaké
605,-6.660906,6.022803,Soubré
606,-5.610111,6.653255,Sinfra
607,-4.59598,9.170818,Ferkessédougou
608,-6.103152,7.759529,Mankono
609,-6.642806,6.178199,Soubré
610,-5.630547,9.453492,Korhogo
611,-5.623402,9.420328,Korhogo
612,-7.457531,8.503655,Touba
613,-5.474221,7.013511,Yamoussoukro
614,-5.61558,5.716959,Lakota
615,-5.02997,7.743987,Bouaké
616,-7.158029,4.640418,San-Pédro
617,-4.126935,6.695834,Bongouanou
618,-2.894074,5.508171,Aboisso
619,-3.493364,5.283255,Abidjan
620,-5.453556,6.601731,Oumé
621,-3.542469,7.810267,Tanda
622,-4.681458,7.358088,Dimbokro
623,-5.687914,5.843144,Lakota
624,-4.091141,5.346078,Abidjan
625,-6.021667,6.617777,Sinfra
626,-7.215218,7.23114,Man
627,-3.95544,5.296296,Abidjan
628,-3.267133,7.550244,Tanda
629,-5.826223,7.764632,Mankono
630,-6.424268,9.876011,Boundiali
631,-4.060124,5.318207,Abidjan
632,-4.722904,6.152263,Tiassalé
633,-6.499812,5.791645,Soubré
634,-7.546299,7.712097,Biankouma
635,-5.198871,6.539346,Toumodi
636,-4.87138,6.332571,Toumodi
637,-4.398675,5.332066,Abidjan
638,-6.626656,5.420351,Soubré
639,-3.211824,5.390026,Aboisso
640,-6.350181,5.142698,Sassandra
641,-4.020949,5.357459,Abidjan
642,-2.799478,8.035303,Bondoukou
643,-5.055711,9.597773,Ferkessédougou
644,-6.450498,6.886308,Daloa
645,-4.115737,5.323931,Abidjan
646,-3.991649,5.313473,Abidjan
647,-5.705257,6.221361,Oumé
648,-5.682307,5.8562,Lakota
649,-3.976765,5.284691,Abidjan
650,-5.20995,9.583722,Ferkessédougou
651,-4.158974,5.9765,Agboville
652,-2.981291,8.287601,Bondoukou
653,-3.968235,7.064204,Daoukro
654,-3.45973,5.335762,Abidjan
655,-4.019145,5.360715,Abidjan
656,-3.970119,5.372886,Abidjan
657,-5.297223,5.200653,Divo
658,-3.975797,5.418142,Abidjan
659,-6.319879,6.314036,Gagnoa
660,-4.094236,5.334197,Abidjan
661,-7.54355,7.395898,Man
662,-6.477021,5.915255,Soubré
663,-6.362448,5.978142,Soubré
664,-3.734598,5.20874,Abidjan
665,-6.602872,6.860205,Daloa
666,-6.839484,6.115042,Soubré
667,-7.559087,7.124531,Man
668,-4.035639,5.314499,Abidjan
669,-4.09802,5.316675,Abidjan
670,-5.277383,6.966191,Yamoussoukro
671,-4.986808,6.369647,Toumodi
672,-5.034828,7.092473,Yamoussoukro
673,-4.464711,5.412637,Abidjan
674,-5.218826,8.030003,Katiola
675,-4.893759,6.574764,Toumodi
676,-6.730638,6.525348,Issia
677,-4.336083,5.807071,Agboville
678,-6.780792,6.285883,Issia
679,-6.224953,7.087309,Daloa
680,-3.992043,5.296137,Abidjan
681,-4.006083,5.402037,Abidjan
682,-6.420821,5.668651,Soubré
683,-4.075773,5.381076,Abidjan
684,-4.018453,5.384969,Abidjan
685,-6.910376,9.61964,Odienné
686,-3.026582,5.391941,Aboisso
687,-3.30666,5.128291,NA
688,-4.051984,5.347102,Abidjan
689,-3.989198,5.30056,Abidjan
690,-6.04864,6.013814,Gagnoa
691,-6.120581,6.101958,Gagnoa
692,-5.201829,10.127418,Ferkessédougou
693,-7.905283,7.192241,Danané
694,-3.976629,5.353939,Abidjan
695,-4.066507,5.361046,Abidjan
696,-7.549322,7.411446,Man
697,-7.574889,7.372969,Man
698,-5.918333,7.400231,Zuénoula
699,-7.607907,7.620342,Biankouma
700,-3.975456,5.363771,Abidjan
701,-6.188025,8.057509,Mankono
702,-3.959041,5.282471,Abidjan
703,-3.30262,6.816576,Agnibilékrou
704,-5.44295,8.087727,Béoumi
705,-2.72293,8.604928,Bondoukou
706,-3.953466,5.302947,Abidjan
707,-3.405973,5.155959,Aboisso
708,-5.243342,6.822054,Yamoussoukro
709,-4.098681,5.341738,Abidjan
710,-6.499539,7.921808,Séguéla
711,-6.497682,5.021883,San-Pédro
712,-6.397111,6.091424,Soubré
713,-3.97298,5.277731,Abidjan
714,-4.353217,7.479989,Mbahiakro
715,-4.350911,6.470088,Bongouanou
716,-5.910284,9.959329,Korhogo
717,-4.232783,5.569379,Abidjan
718,-6.564359,5.399278,Soubré
719,-3.986897,5.352943,Abidjan
720,-3.326068,5.187367,Aboisso
721,-3.745863,5.511044,Abidjan
722,-7.271463,4.539052,Tabou
723,-4.089827,5.33062,Abidjan
724,-3.981154,5.287905,Abidjan
725,-3.996917,5.338776,Abidjan
726,-3.948061,5.301857,Abidjan
727,-4.010331,5.433724,Abidjan
728,-3.977106,5.262975,Abidjan
729,-3.901632,6.042368,Adzopé
730,-3.99212,5.330695,Abidjan
731,-4.005167,5.32725,Abidjan
732,-4.004686,5.326608,Abidjan
733,-4.022785,5.348971,Abidjan
734,-4.012956,5.322,Abidjan
735,-4.019658,5.303226,Abidjan
736,-4.012956,5.322,Abidjan
737,-4.018288,5.315845,Abidjan
738,-4.022977,5.328233,Abidjan
739,-3.103167,5.721778,Aboisso
740,-4.013608,5.321946,Abidjan
741,-4.025863,5.31734,Abidjan
742,-4.012956,5.322,Abidjan
743,-4.020125,5.326327,Abidjan
744,-4.020806,5.330889,Abidjan
745,-4.016714,5.321921,Abidjan
746,-4.014864,5.317636,Abidjan
747,-4.088972,5.375542,Abidjan
748,-3.977307,5.299651,Abidjan
749,-4.054213,5.356424,Abidjan
750,-7.801058,9.936394,Odienné
751,-6.585165,6.474772,Issia
752,-4.025267,5.356514,Abidjan
753,-4.014643,5.365073,Abidjan
754,-4.0155,5.353386,Abidjan
755,-3.81531,6.198773,Adzopé
756,-3.909364,5.239959,NA
757,-5.046261,7.671804,Bouaké
758,-3.67639,5.184273,NA
759,-6.846487,7.089473,Vavoua
760,-5.649694,9.460815,Korhogo
761,-6.838689,8.077641,Séguéla
762,-7.630437,7.458949,Man
763,-3.726429,5.228471,Abidjan
764,-8.160174,7.267459,Danané
765,-5.29597,6.847863,Yamoussoukro
766,-4.709957,6.078331,Tiassalé
767,-6.79654,8.97282,Séguéla
768,-5.270035,6.807758,Yamoussoukro
769,-3.631903,5.308506,Abidjan
770,-4.025338,5.377405,Abidjan
771,-6.370024,4.905353,Sassandra
772,-3.393341,6.251808,Abengourou
773,-3.08964,5.373443,Aboisso
774,-3.989137,5.363434,Abidjan
775,-3.988926,5.363291,Abidjan
776,-6.678872,4.762784,San-Pédro
777,-5.32958,10.075161,Ferkessédougou
778,-6.607487,5.786158,Soubré
779,-4.036388,5.347707,Abidjan
780,-4.748786,9.192303,Ferkessédougou
781,-6.266345,6.369761,Issia
782,-6.688809,6.374213,Issia
783,-5.178671,9.71782,Ferkessédougou
784,-4.057114,5.339667,Abidjan
785,-3.992448,5.436594,Abidjan
786,-5.596282,9.303588,Korhogo
787,-3.497535,8.511047,Bouna
788,-4.229835,5.26488,Abidjan
789,-4.063565,5.445851,Abidjan
790,-4.769442,5.855244,Tiassalé
791,-5.792845,6.863848,Bouaflé
792,-5.151122,6.660933,Toumodi
793,-4.440599,6.710645,Bongouanou
794,-7.343679,5.188305,Tabou
795,-5.726958,5.797728,Lakota
796,-5.13613,7.260168,Yamoussoukro
797,-3.759741,7.055896,Daoukro
798,-4.053941,5.317747,Abidjan
799,-4.39997,6.462498,Bongouanou
800,-4.285253,6.63531,Bongouanou
801,-5.466451,7.990722,Béoumi
802,-3.2737,6.655242,Abengourou
803,-5.273131,8.618677,Katiola
804,-5.756228,5.695936,Lakota
805,-3.27846,7.054153,Agnibilékrou
806,-4.098707,5.321568,Abidjan
807,-7.445185,7.294163,Man
808,-5.664048,10.180096,Ferkessédougou
809,-4.09409,5.37052,Abidjan
810,-6.075724,9.575919,Korhogo
811,-6.126029,5.763024,Sassandra
812,-3.994769,5.432752,Abidjan
813,-2.821519,5.286129,Aboisso
814,-6.556094,5.408507,Soubré
815,-4.003407,5.303255,Abidjan
816,-2.909185,5.186481,Aboisso
817,-4.019121,5.42385,Abidjan
818,-4.520345,5.4001,Abidjan
819,-4.015356,5.314399,Abidjan
820,-5.056944,7.72555,Bouaké
821,-3.514883,6.721583,Abengourou
822,-4.243407,7.074232,Dimbokro
823,-4.830103,5.988323,Tiassalé
824,-3.393465,5.377509,Aboisso
825,-3.841183,5.579715,Abidjan
826,-5.253321,6.820784,Yamoussoukro
827,-4.099694,5.3547,Abidjan
828,-6.637936,5.900627,Soubré
829,-3.960463,5.256698,Abidjan
830,-4.051118,5.446725,Abidjan
831,-7.523694,9.529498,Odienné
832,-5.036647,7.701393,Bouaké
833,-4.479133,5.973894,Agboville
834,-4.049699,5.332281,Abidjan
835,-5.153277,5.890399,Divo
836,-3.738898,5.390224,Abidjan
837,-4.011606,5.32155,Abidjan
838,-5.702363,5.347602,Divo
839,-6.403703,5.768551,Soubré
840,-3.995322,5.310525,Abidjan
841,-3.091661,9.012583,Bouna
842,-3.590987,5.376503,Abidjan
843,-4.42395,5.402335,Abidjan
844,-3.97445,5.2913,Abidjan
845,-4.405386,5.742895,Agboville
846,-4.111146,5.325874,Abidjan
847,-6.455458,6.854143,Daloa
848,-3.508544,6.740343,Abengourou
849,-3.961623,5.344896,Abidjan
850,-6.283844,5.673284,Soubré
851,-6.27318,5.662083,Soubré
852,-5.491503,10.335212,Ferkessédougou
853,-5.124405,9.956008,Ferkessédougou
854,-7.880249,8.26199,Touba
855,-4.04931,7.296272,Daoukro
856,-3.965893,5.287599,Abidjan
857,-5.799253,6.041612,Gagnoa
858,-5.417676,6.385409,Oumé
859,-5.419338,6.403413,Oumé
860,-5.166956,8.398062,Katiola
861,-6.590383,5.567304,Soubré
862,-5.935957,6.305509,Gagnoa
863,-6.586605,6.015938,Soubré
864,-4.01503,5.374694,Abidjan
865,-6.595686,5.940536,Soubré
866,-5.804499,7.182681,Bouaflé
867,-4.002239,5.353209,Abidjan
868,-4.794865,5.344656,Grand-Lahou
869,-3.956748,5.378876,Abidjan
870,-7.301728,5.556538,Tabou
871,-6.445289,6.903603,Daloa
872,-6.183911,4.989307,Sassandra
873,-4.009936,5.290049,Abidjan
874,-8.289353,6.579074,Guiglo
875,-6.795374,7.280781,Vavoua
876,-3.98451,5.284364,Abidjan
877,-3.998567,5.386569,Abidjan
878,-6.646964,5.610841,Soubré
879,-6.729435,5.82371,Soubré
880,-3.986284,5.259549,Abidjan
881,-4.062846,5.345727,Abidjan
882,-7.348263,6.637013,Duékoué
883,-4.011197,5.334394,Abidjan
884,-4.054454,5.452798,Abidjan
885,-4.346054,5.552062,Abidjan
886,-4.525953,5.724252,Abidjan
887,-7.73554,7.158652,Man
888,-5.621403,10.434731,Ferkessédougou
889,-6.69892,5.391193,Soubré
890,-4.017028,5.325652,Abidjan
891,-8.377062,6.491729,Guiglo
892,-3.99475,5.327443,Abidjan
893,-4.004951,5.368954,Abidjan
894,-4.004832,7.645522,Mbahiakro
895,-3.984416,5.290766,Abidjan
896,-4.069498,5.346651,Abidjan
897,-3.985378,5.297343,Abidjan
898,-3.985378,5.297343,Abidjan
899,-3.990324,5.372785,Abidjan
900,-3.725257,5.19271,Abidjan
901,-3.970385,5.303291,Abidjan
902,-3.198878,5.483006,Aboisso
903,-6.627457,5.111013,San-Pédro
904,-4.87866,7.430837,Yamoussoukro
905,-5.275967,6.818977,Yamoussoukro
906,-4.020102,5.315223,Abidjan
907,-4.020806,5.330888,Abidjan
908,-5.248607,6.847996,Yamoussoukro
909,-4.009864,5.266423,Abidjan
910,-3.979848,5.339804,Abidjan
911,-3.204099,5.46974,Aboisso
912,-3.977899,5.345458,Abidjan
913,-3.967674,5.384017,Abidjan
914,-4.023316,5.353329,Abidjan
915,-3.470933,6.720536,Abengourou
916,-4.32055,6.08949,Agboville
917,-4.013449,5.307591,Abidjan
918,-4.371027,5.334358,Abidjan
919,-4.072201,5.356907,Abidjan
920,-4.000592,5.411181,Abidjan
921,-3.985811,5.293161,Abidjan
922,-4.002814,5.25752,Abidjan
923,-4.012103,5.409001,Abidjan
924,-4.047327,5.330121,Abidjan
925,-3.998302,5.269165,Abidjan
926,-4.025898,5.414137,Abidjan
927,-6.91038,5.965207,Soubré
928,-3.973996,5.396387,Abidjan
929,-5.923428,5.287617,Sassandra
930,-4.074105,5.330317,Abidjan
931,-3.978848,5.293699,Abidjan
932,-3.978847,5.293697,Abidjan
933,-6.221344,5.053563,Sassandra
934,-6.271604,6.492347,Issia
935,-5.703699,6.46048,Oumé
936,-5.284679,7.451474,Sakassou
937,-5.268273,7.030907,Yamoussoukro
938,-4.005636,5.414592,Abidjan
939,-3.992174,5.307732,Abidjan
940,-7.562353,9.829152,Odienné
941,-6.622706,4.74054,San-Pédro
942,-3.568572,7.940226,Bondoukou
943,-5.808033,6.648569,Sinfra
944,-7.802993,7.271131,Man
945,-3.136051,5.393767,Aboisso
946,-3.477266,6.856607,Abengourou
947,-8.009149,8.264046,Touba
948,-4.044807,5.32148,Abidjan
949,-3.316707,6.124379,Abengourou
950,-2.982229,8.148595,Bondoukou
951,-4.063759,5.346845,Abidjan
952,-6.797353,5.824882,Soubré
953,-4.282499,5.214623,Abidjan
954,-6.084862,4.974524,Sassandra
955,-4.529507,7.908459,Dabakala
956,-4.329356,7.893799,Dabakala
957,-4.016019,5.308711,Abidjan
958,-4.031563,5.338566,Abidjan
959,-4.005607,5.261121,Abidjan
960,-6.303949,7.022033,Daloa
961,-6.670667,7.965074,Séguéla
962,-5.022029,7.727629,Bouaké
963,-6.715318,7.427203,Vavoua
964,-6.858007,6.626425,Issia
965,-6.698068,5.532563,Soubré
966,-5.297313,6.889354,Yamoussoukro
967,-7.150399,7.640225,Man
968,-4.055803,5.489903,Abidjan
969,-5.14136,9.865936,Ferkessédougou
970,-4.069111,5.351727,Abidjan
971,-6.651274,4.778034,San-Pédro
972,-5.720149,8.137478,Mankono
973,-4.054094,5.471627,Abidjan
974,-2.95294,7.943184,Bondoukou
975,-4.080665,5.323305,Abidjan
976,-6.202082,9.546601,Boundiali
977,-4.021144,5.305735,Abidjan
978,-6.522415,7.293005,Vavoua
979,-6.932338,7.957018,Séguéla
980,-3.980657,5.36154,Abidjan
981,-4.554739,5.661731,Abidjan
982,-5.399283,9.615114,Korhogo
983,-5.909124,6.627758,Sinfra
984,-4.931111,6.070418,Tiassalé
985,-3.974381,5.408791,Abidjan
986,-6.038795,5.308711,Sassandra
987,-7.839806,8.090833,Touba
988,-4.079025,5.353319,Abidjan
989,-6.099268,9.345653,Korhogo
990,-3.941862,5.252234,Abidjan
991,-6.023974,8.412343,Mankono
992,-4.026684,5.328545,Abidjan
993,-3.999637,5.371768,Abidjan
994,-3.998696,5.348125,Abidjan
995,-6.442098,6.856231,Daloa
996,-4.013608,5.321946,Abidjan
997,-7.080512,4.674656,San-Pédro
998,-4.02345,5.328242,Abidjan
999,-2.753803,7.996683,Bondoukou
1000,-4.701064,6.642362,Dimbokro
1001,-7.784464,7.860739,Biankouma
1002,-3.958797,5.326502,Abidjan
1003,-3.977956,5.390427,Abidjan
1004,-3.996183,5.298053,Abidjan
1005,-5.921794,6.610487,Sinfra
1006,-4.097359,5.377776,Abidjan
1007,-3.186495,6.087522,Aboisso
1008,-4.226197,5.32006,Abidjan
1009,-4.181172,5.338324,Abidjan
1010,-5.273617,6.793558,Yamoussoukro
1011,-4.064887,5.35407,Abidjan
1012,-2.687337,8.137369,Bondoukou
1013,-6.819456,5.760641,Soubré
1014,-6.615019,5.77325,Soubré
1015,-4.075927,5.373855,Abidjan
1016,-4.012899,5.443486,Abidjan
1017,-3.989324,5.394109,Abidjan
1018,-4.07382,5.342848,Abidjan
1019,-5.74737,6.977082,Bouaflé
1020,-3.976474,5.308242,Abidjan
1021,-3.912997,5.24845,Abidjan
1022,-4.08849,5.333922,Abidjan
1023,-4.000633,5.334601,Abidjan
1024,-4.03299,5.354488,Abidjan
1025,-3.94374,5.309186,Abidjan
1026,-4.044759,5.436365,Abidjan
1027,-3.956425,5.383992,Abidjan
1028,-4.019965,5.32783,Abidjan
1029,-3.992217,5.406264,Abidjan
1030,-6.470442,6.888433,Daloa
1031,-4.028116,5.426486,Abidjan
1032,-3.993941,5.375575,Abidjan
1033,-3.968842,5.355836,Abidjan
1034,-3.997956,5.335125,Abidjan
1035,-3.99997,5.403825,Abidjan
1036,-4.059227,5.436523,Abidjan
1037,-4.02071,5.355059,Abidjan
1038,-4.101965,5.32932,Abidjan
1039,-5.281512,6.698118,Yamoussoukro
1040,-7.174698,8.475566,Touba
1041,-5.279875,9.518572,Ferkessédougou
1042,-5.313813,9.31672,Katiola
1043,-6.162711,7.595659,Zuénoula
1044,-6.148401,7.548696,Zuénoula
1045,-3.993232,5.354921,Abidjan
1046,-3.966466,5.370573,Abidjan
1047,-5.064446,6.267423,Tiassalé
1048,-3.050732,7.986611,Bondoukou
1049,-7.351712,4.408735,NA
1050,-5.17608,9.057534,Katiola
1051,-5.715859,5.952427,Lakota
1052,-6.406859,6.81041,Daloa
1053,-7.437721,5.910885,Guiglo
1054,-2.978213,7.247045,Tanda
1055,-6.78784,5.760175,Soubré
1056,-3.149886,7.821147,Tanda
1057,-3.294586,7.185922,Agnibilékrou
1058,-3.180923,7.324107,Tanda
1059,-4.078347,5.318462,Abidjan
1060,-6.432639,6.893828,Daloa
1061,-6.056476,6.116848,Gagnoa
1062,-8.125467,7.027796,Danané
1063,-5.640454,9.444401,Korhogo
1064,-5.976049,6.391187,Gagnoa
1065,-8.191481,7.185767,Danané
1066,-4.073926,5.329682,Abidjan
1067,-3.946385,5.34052,Abidjan
1068,-7.24635,6.75977,Duékoué
1069,-5.274026,6.825037,Yamoussoukro
1070,-3.025978,5.140762,Aboisso
1071,-4.836461,5.8993,Tiassalé
1072,-5.962343,5.192678,Sassandra
1073,-5.225292,7.140274,Yamoussoukro
1074,-5.226838,7.160973,Yamoussoukro
1075,-5.154451,5.606403,Divo
1076,-5.314328,9.678264,Ferkessédougou
1077,-7.261318,9.517848,Odienné
1078,-4.605355,6.515369,Bongouanou
1079,-4.779862,7.407484,Yamoussoukro
1080,-5.752911,8.448706,Mankono
1081,-5.725263,8.179231,Mankono
1082,-7.477706,10.331072,Odienné
1083,-3.060236,7.220449,Tanda
1084,-7.444431,7.376089,Man
1085,-4.956745,8.144781,Katiola
1086,-6.384948,10.473013,Tengréla
1087,-8.484241,6.534166,Guiglo
1088,-5.868789,6.090734,Gagnoa
1089,-4.953337,5.896717,Tiassalé
1090,-5.498242,6.926563,Yamoussoukro
1091,-6.107153,8.302688,Mankono
1092,-5.701889,9.934165,Ferkessédougou
1093,-6.194959,8.070381,Mankono
1094,-5.642838,6.343247,Oumé
1095,-6.465024,6.945142,Daloa
1096,-5.675625,8.819672,Katiola
1097,-3.943354,5.329308,Abidjan
1098,-7.682574,8.286433,Touba
1099,-7.6837,8.275936,Touba
1100,-6.519713,5.293636,San-Pédro
1101,-4.80471,5.149611,NA
1102,-8.43793,6.576323,Guiglo
1103,-5.017079,6.554245,Toumodi
1104,-5.729538,10.380158,Ferkessédougou
1105,-6.510985,9.906997,Boundiali
1106,-4.536995,5.300141,Abidjan
1107,-2.981886,7.538756,Tanda
1108,-4.008704,5.304253,Abidjan
1109,-5.01455,7.67953,Bouaké
1110,-4.059708,5.328403,Abidjan
1111,-4.051642,5.460177,Abidjan
1112,-4.004685,5.281529,Abidjan
1113,-4.076574,5.363365,Abidjan
1114,-4.736053,6.662581,Dimbokro
1115,-6.643506,7.412852,Vavoua
1116,-5.582278,7.666136,Béoumi
1117,-6.997255,7.466479,Vavoua
1118,-6.478066,7.375988,Vavoua
1119,-3.976829,5.351453,Abidjan
1120,-4.146375,5.383531,Abidjan
1121,-4.018149,5.431777,Abidjan
1122,-4.00767,5.307767,Abidjan
1123,-4.019397,5.268509,Abidjan
1124,-4.073444,5.339271,Abidjan
1125,-4.01321,5.413054,Abidjan
1126,-4.067936,5.346604,Abidjan
1127,-6.786988,4.924203,San-Pédro
1128,-4.021973,5.366494,Abidjan
1129,-4.106697,5.33492,Abidjan
1130,-7.028058,6.174261,Soubré
1131,-6.600531,5.959034,Soubré
1132,-3.396721,6.9481,Abengourou
1133,-3.961984,5.818958,Adzopé
1134,-3.649335,6.189947,Adzopé
1135,-3.968872,5.392038,Abidjan
1136,-6.508826,5.973005,Soubré
1137,-5.257207,6.840956,Yamoussoukro
1138,-4.085163,5.345281,Abidjan
1139,-5.851367,6.706735,Sinfra
1140,-3.967178,7.732124,Mbahiakro
1141,-3.630282,5.252063,Abidjan
1142,-3.16087,5.804869,Aboisso
1143,-4.007219,5.418145,Abidjan
1144,-5.107579,5.270079,Divo
1145,-4.07045,5.322654,Abidjan
1146,-4.078238,5.342349,Abidjan
1147,-4.089831,5.366032,Abidjan
1148,-5.832099,6.407401,Gagnoa
1149,-3.691192,8.09256,Bondoukou
1150,-7.48596,6.22228,Guiglo
1151,-6.036881,6.926087,Bouaflé
1152,-6.37152,10.085516,Boundiali
1153,-5.260911,6.809881,Yamoussoukro
1154,-6.660267,6.967025,Daloa
1155,-6.502835,6.243347,Soubré
1156,-6.242608,6.800704,Daloa
1157,-5.380955,6.728269,Yamoussoukro
1158,-6.060696,7.430141,Zuénoula
1159,-5.356759,6.4316,Oumé
1160,-2.816409,8.047891,Bondoukou
1161,-3.37261,6.4347,Abengourou
1162,-5.308225,6.137375,Divo
1163,-5.418121,6.885821,Yamoussoukro
1164,-7.843287,6.563043,Guiglo
1165,-8.162403,6.986683,Danané
1166,-5.936842,6.354122,Gagnoa
1167,-6.530113,6.917546,Daloa
1168,-5.591397,5.169862,Divo
1169,-5.200761,6.135884,Divo
1170,-5.785561,6.547296,Sinfra
1171,-3.958031,7.054591,Daoukro
1172,-3.9465,5.334642,Abidjan
1173,-6.369645,6.905912,Daloa
1174,-6.594385,5.890346,Soubré
1175,-4.081445,5.369224,Abidjan
1176,-8.131365,7.120678,Danané
1177,-5.467192,5.769567,Divo
1178,-5.716071,6.0531,Lakota
1179,-5.073717,7.097454,Yamoussoukro
1180,-6.15944,6.314571,Gagnoa
1181,-3.991798,5.379097,Abidjan
1182,-7.835124,6.982713,Bangolo
1183,-8.1973,6.918422,Danané
1184,-6.776448,6.78692,Daloa
1185,-6.612299,6.213366,Soubré
1186,-6.87623,6.782261,Daloa
1187,-6.280406,6.482835,Issia
1188,-4.004014,5.396899,Abidjan
1189,-6.040607,7.430058,Zuénoula
1190,-3.962886,5.258589,Abidjan
1191,-4.061409,5.35017,Abidjan
1192,-5.729087,9.906391,Korhogo
1193,-3.401652,5.717779,Aboisso
1194,-5.210215,6.080446,Divo
1195,-4.098662,6.853491,Bongouanou
1196,-4.374957,6.015209,Agboville
1197,-3.919027,5.250004,Abidjan
1198,-6.559049,6.5901,Issia
1199,-3.319203,7.810947,Tanda
1200,-5.464682,5.229399,Divo
1201,-6.440637,6.779499,Daloa
1202,-5.966848,6.940755,Bouaflé
1203,-3.224453,7.678262,Tanda
1204,-3.122347,7.696913,Tanda
1205,-4.331352,6.945681,Dimbokro
1206,-6.057989,7.514042,Zuénoula
1207,-5.725953,6.804113,Bouaflé
1208,-5.26448,7.239703,Yamoussoukro
1209,-3.285428,7.880712,Tanda
1210,-5.552958,6.477255,Oumé
1211,-3.128618,7.959227,Tanda
1212,-5.3023,5.51434,Divo
1213,-4.627866,5.591925,Abidjan
1214,-3.577463,7.547218,Tanda
1215,-4.391984,5.372978,Abidjan
1216,-4.660082,7.448089,Dimbokro
1217,-4.994017,7.401084,Yamoussoukro
1218,-4.255717,5.417749,Abidjan
1219,-4.820098,6.837881,Dimbokro
1220,-3.891184,7.365258,Daoukro
1221,-4.08288,5.320877,Abidjan
1222,-4.05858,5.338743,Abidjan
1223,-5.541175,6.907344,Bouaflé
1224,-4.014404,5.320946,Abidjan
1225,-3.982302,5.304477,Abidjan
1226,-7.586397,7.288547,Man
1227,-4.005167,5.32725,Abidjan
1228,-3.988471,5.341687,Abidjan
1229,-4.084326,5.338377,Abidjan
1230,-4.08655,5.350422,Abidjan
1231,-4.603487,6.630197,Dimbokro
