fromNode,fromLon,fromLat,toNode,toLon,toLat,weight
Abidjan,-4.01619,5.35806,Soubré,-6.61003,5.78716,1.0
Soubré,-6.61003,5.78716,Abidjan,-4.01619,5.35806,0.979725027092
Daloa,-6.44747,6.88647,Abidjan,-4.01619,5.35806,0.923637489521
Abidjan,-4.01619,5.35806,Daloa,-6.44747,6.88647,0.910658986798
Abidjan,-4.01619,5.35806,Yamoussoukro,-5.28043,6.82171,0.790175514108
Yamoussoukro,-5.28043,6.82171,Abidjan,-4.01619,5.35806,0.772641944417
Abidjan,-4.01619,5.35806,Bouaké,-5.03057,7.69053,0.664745212673
Bouaké,-5.03057,7.69053,Abidjan,-4.01619,5.35806,0.631173012445
Abidjan,-4.01619,5.35806,Abengourou,-3.48846,6.73033,0.617794570754
San-Pédro,-6.64697,4.78201,Abidjan,-4.01619,5.35806,0.612409333074
Abidjan,-4.01619,5.35806,Aboisso,-3.21777,5.46663,0.60965176132
Aboisso,-3.21777,5.46663,Abidjan,-4.01619,5.35806,0.608332260077
Abengourou,-3.48846,6.73033,Abidjan,-4.01619,5.35806,0.605226971869
Abidjan,-4.01619,5.35806,San-Pédro,-6.64697,4.78201,0.593786896089
Abidjan,-4.01619,5.35806,Bondoukou,-2.79431,8.03786,0.413858033932
Abidjan,-4.01619,5.35806,Divo,-5.3488,5.83568,0.409221938437
Divo,-5.3488,5.83568,Abidjan,-4.01619,5.35806,0.40351760447
Bondoukou,-2.79431,8.03786,Abidjan,-4.01619,5.35806,0.400783449217
Abidjan,-4.01619,5.35806,Korhogo,-5.63851,9.46045,0.387008599617
Abidjan,-4.01619,5.35806,Bouaflé,-5.75333,6.98814,0.371434210504
Bouaflé,-5.75333,6.98814,Abidjan,-4.01619,5.35806,0.369646379242
Abidjan,-4.01619,5.35806,Agboville,-4.23258,5.94306,0.368408835752
Korhogo,-5.63851,9.46045,Abidjan,-4.01619,5.35806,0.367758749083
Agboville,-4.23258,5.94306,Abidjan,-4.01619,5.35806,0.358066919528
Abidjan,-4.01619,5.35806,Gagnoa,-5.94911,6.12607,0.320526923308
Gagnoa,-5.94911,6.12607,Abidjan,-4.01619,5.35806,0.301794280092
Abidjan,-4.01619,5.35806,Bongouanou,-4.28993,6.70145,0.300550789554
Abidjan,-4.01619,5.35806,Issia,-6.58969,6.48765,0.285158157092
Abidjan,-4.01619,5.35806,Adzopé,-3.85683,6.10201,0.27978704365
Bongouanou,-4.28993,6.70145,Abidjan,-4.01619,5.35806,0.27199548173
Adzopé,-3.85683,6.10201,Abidjan,-4.01619,5.35806,0.266794416688
Issia,-6.58969,6.48765,Abidjan,-4.01619,5.35806,0.261279644872
Ferkessédougou,-5.18851,9.61638,Abidjan,-4.01619,5.35806,0.241585438356
Abidjan,-4.01619,5.35806,Ferkessédougou,-5.18851,9.61638,0.237901242208
Abidjan,-4.01619,5.35806,Odienné,-7.56496,9.50707,0.237880799231
Odienné,-7.56496,9.50707,Abidjan,-4.01619,5.35806,0.230502557138
Abidjan,-4.01619,5.35806,Man,-7.55206,7.40854,0.226997887497
Abidjan,-4.01619,5.35806,Dimbokro,-4.71218,6.66604,0.225302793012
Abidjan,-4.01619,5.35806,Toumodi,-5.01937,6.55231,0.224563686471
Man,-7.55206,7.40854,Abidjan,-4.01619,5.35806,0.220881348776
Dimbokro,-4.71218,6.66604,Abidjan,-4.01619,5.35806,0.220489029462
Abidjan,-4.01619,5.35806,Tiassalé,-4.76305,5.86529,0.21189312932
Abidjan,-4.01619,5.35806,Séguéla,-6.66878,7.9727,0.20773837301
Séguéla,-6.66878,7.9727,Abidjan,-4.01619,5.35806,0.203742328541
Tiassalé,-4.76305,5.86529,Abidjan,-4.01619,5.35806,0.202113952499
Toumodi,-5.01937,6.55231,Abidjan,-4.01619,5.35806,0.201657888266
Sassandra,-6.07215,5.24013,Abidjan,-4.01619,5.35806,0.196955817709
Abidjan,-4.01619,5.35806,Vavoua,-6.52003,7.60752,0.190646371622
Vavoua,-6.52003,7.60752,Abidjan,-4.01619,5.35806,0.18619073186
Abidjan,-4.01619,5.35806,Sassandra,-6.07215,5.24013,0.183750955477
Oumé,-5.42403,6.37948,Abidjan,-4.01619,5.35806,0.173645991941
Abidjan,-4.01619,5.35806,Oumé,-5.42403,6.37948,0.171191719628
Abidjan,-4.01619,5.35806,Agnibilékrou,-3.20092,7.12627,0.154082062942
Agnibilékrou,-3.20092,7.12627,Abidjan,-4.01619,5.35806,0.15386480985
San-Pédro,-6.64697,4.78201,Soubré,-6.61003,5.78716,0.140986477714
Abidjan,-4.01619,5.35806,Touba,-7.6801,8.28373,0.136747905199
Soubré,-6.61003,5.78716,San-Pédro,-6.64697,4.78201,0.132484429421
Touba,-7.6801,8.28373,Abidjan,-4.01619,5.35806,0.13164756828
Man,-7.55206,7.40854,Soubré,-6.61003,5.78716,0.125910711395
Abidjan,-4.01619,5.35806,Danané,-8.15638,7.25993,0.125102656268
Abidjan,-4.01619,5.35806,Tanda,-3.16623,7.79708,0.122112592112
Soubré,-6.61003,5.78716,Man,-7.55206,7.40854,0.121742388383
Tanda,-3.16623,7.79708,Abidjan,-4.01619,5.35806,0.119328072798
Guiglo,-7.50574,6.54414,Abidjan,-4.01619,5.35806,0.116312547844
Sinfra,-5.60494,6.65109,Abidjan,-4.01619,5.35806,0.111593007833
Danané,-8.15638,7.25993,Abidjan,-4.01619,5.35806,0.111472951804
Abidjan,-4.01619,5.35806,Guiglo,-7.50574,6.54414,0.111349178871
Abidjan,-4.01619,5.35806,Sinfra,-5.60494,6.65109,0.110498193491
Adzopé,-3.85683,6.10201,Soubré,-6.61003,5.78716,0.110037111437
Abidjan,-4.01619,5.35806,Mbahiakro,-4.33814,7.4528,0.108402788348
Daoukro,-3.95791,7.06798,Abidjan,-4.01619,5.35806,0.107072879771
Ferkessédougou,-5.18851,9.61638,Soubré,-6.61003,5.78716,0.106279320572
Abidjan,-4.01619,5.35806,Béoumi,-5.57956,7.67321,0.104920234291
Abidjan,-4.01619,5.35806,Daoukro,-3.95791,7.06798,0.104503569251
Abidjan,-4.01619,5.35806,Katiola,-5.10431,8.14015,0.103827650093
Soubré,-6.61003,5.78716,Adzopé,-3.85683,6.10201,0.103398533421
Katiola,-5.10431,8.14015,Abidjan,-4.01619,5.35806,0.101602710813
Lakota,-5.6824,5.85397,Abidjan,-4.01619,5.35806,0.100610483047
Abengourou,-3.48846,6.73033,Soubré,-6.61003,5.78716,0.100387654598
Abidjan,-4.01619,5.35806,Lakota,-5.6824,5.85397,0.0997879319903
Mbahiakro,-4.33814,7.4528,Abidjan,-4.01619,5.35806,0.0992090240504
Abidjan,-4.01619,5.35806,Mankono,-6.18272,8.05669,0.0991320841188
Béoumi,-5.57956,7.67321,Abidjan,-4.01619,5.35806,0.0973923867752
Daloa,-6.44747,6.88647,Soubré,-6.61003,5.78716,0.0961160016287
Soubré,-6.61003,5.78716,Abengourou,-3.48846,6.73033,0.0950269484898
Soubré,-6.61003,5.78716,Ferkessédougou,-5.18851,9.61638,0.0950230457397
Soubré,-6.61003,5.78716,Daloa,-6.44747,6.88647,0.0948425900062
Mankono,-6.18272,8.05669,Abidjan,-4.01619,5.35806,0.0930497409224
San-Pédro,-6.64697,4.78201,Daloa,-6.44747,6.88647,0.0920190431906
Yamoussoukro,-5.28043,6.82171,Daloa,-6.44747,6.88647,0.0909935491257
Daloa,-6.44747,6.88647,Yamoussoukro,-5.28043,6.82171,0.0909771947441
Daloa,-6.44747,6.88647,San-Pédro,-6.64697,4.78201,0.0880044141963
Abidjan,-4.01619,5.35806,Bouna,-3.00774,9.26474,0.0807231833209
Yamoussoukro,-5.28043,6.82171,Soubré,-6.61003,5.78716,0.0798008333673
Abidjan,-4.01619,5.35806,Boundiali,-6.48503,9.52319,0.0790262303838
Bouaké,-5.03057,7.69053,Vavoua,-6.52003,7.60752,0.0781955021362
Bondoukou,-2.79431,8.03786,San-Pédro,-6.64697,4.78201,0.0777531904518
San-Pédro,-6.64697,4.78201,Aboisso,-3.21777,5.46663,0.0773406140067
Bouna,-3.00774,9.26474,Abidjan,-4.01619,5.35806,0.0772887631832
Soubré,-6.61003,5.78716,Yamoussoukro,-5.28043,6.82171,0.0766184193825
Boundiali,-6.48503,9.52319,Abidjan,-4.01619,5.35806,0.0733113032379
Aboisso,-3.21777,5.46663,San-Pédro,-6.64697,4.78201,0.0732631693193
Abidjan,-4.01619,5.35806,Dabakala,-4.42611,8.36482,0.0732594524144
Duékoué,-7.37356,6.74746,Abidjan,-4.01619,5.35806,0.0725827898754
Abidjan,-4.01619,5.35806,Duékoué,-7.37356,6.74746,0.0707641083024
Aboisso,-3.21777,5.46663,Yamoussoukro,-5.28043,6.82171,0.0707453379326
Vavoua,-6.52003,7.60752,Bouaké,-5.03057,7.69053,0.0704706586597
Tabou,-7.35449,4.42302,Abidjan,-4.01619,5.35806,0.0704044977523
Yamoussoukro,-5.28043,6.82171,Aboisso,-3.21777,5.46663,0.0694754573698
Sassandra,-6.07215,5.24013,Soubré,-6.61003,5.78716,0.0691301569036
Dabakala,-4.42611,8.36482,Abidjan,-4.01619,5.35806,0.0681024326957
San-Pédro,-6.64697,4.78201,Bondoukou,-2.79431,8.03786,0.0660930739008
Grand-Lahou,-5.01351,5.27612,Abidjan,-4.01619,5.35806,0.0651129260758
Soubré,-6.61003,5.78716,Gagnoa,-5.94911,6.12607,0.0649718695344
Daoukro,-3.95791,7.06798,Soubré,-6.61003,5.78716,0.0647079692857
Divo,-5.3488,5.83568,Bouaké,-5.03057,7.69053,0.0646167192702
Soubré,-6.61003,5.78716,Daoukro,-3.95791,7.06798,0.0641567522874
Bondoukou,-2.79431,8.03786,Yamoussoukro,-5.28043,6.82171,0.0635427195961
Daloa,-6.44747,6.88647,Danané,-8.15638,7.25993,0.0634360444252
Yamoussoukro,-5.28043,6.82171,Bondoukou,-2.79431,8.03786,0.0629770066687
Danané,-8.15638,7.25993,Daloa,-6.44747,6.88647,0.0628422688657
Yamoussoukro,-5.28043,6.82171,Guiglo,-7.50574,6.54414,0.0619015202327
Abidjan,-4.01619,5.35806,Zuénoula,-6.04692,7.42862,0.0616086281257
Guiglo,-7.50574,6.54414,Yamoussoukro,-5.28043,6.82171,0.0613148067925
Daloa,-6.44747,6.88647,Korhogo,-5.63851,9.46045,0.06118044068
Abidjan,-4.01619,5.35806,Tabou,-7.35449,4.42302,0.0599904735727
Bouaflé,-5.75333,6.98814,Daloa,-6.44747,6.88647,0.0592439332213
Soubré,-6.61003,5.78716,Sassandra,-6.07215,5.24013,0.059059760583
Gagnoa,-5.94911,6.12607,Soubré,-6.61003,5.78716,0.0589066241007
Daloa,-6.44747,6.88647,Bouaflé,-5.75333,6.98814,0.058027390244
Abidjan,-4.01619,5.35806,Grand-Lahou,-5.01351,5.27612,0.0580225582676
Abengourou,-3.48846,6.73033,Tiassalé,-4.76305,5.86529,0.0573377185377
Zuénoula,-6.04692,7.42862,Abidjan,-4.01619,5.35806,0.057191086639
Tiassalé,-4.76305,5.86529,Abengourou,-3.48846,6.73033,0.0568805392337
Korhogo,-5.63851,9.46045,Daloa,-6.44747,6.88647,0.0565935941746
Bouaké,-5.03057,7.69053,Divo,-5.3488,5.83568,0.0554532477479
Daloa,-6.44747,6.88647,Issia,-6.58969,6.48765,0.0540185224522
Adzopé,-3.85683,6.10201,Abengourou,-3.48846,6.73033,0.0538311904447
Soubré,-6.61003,5.78716,Katiola,-5.10431,8.14015,0.053683071784
Oumé,-5.42403,6.37948,Katiola,-5.10431,8.14015,0.0535845738039
Bouaké,-5.03057,7.69053,Issia,-6.58969,6.48765,0.0530196042574
Abengourou,-3.48846,6.73033,Adzopé,-3.85683,6.10201,0.052776332831
Issia,-6.58969,6.48765,Daloa,-6.44747,6.88647,0.0521059890303
Soubré,-6.61003,5.78716,Issia,-6.58969,6.48765,0.0515088682563
San-Pédro,-6.64697,4.78201,Sinfra,-5.60494,6.65109,0.0500908690328
Issia,-6.58969,6.48765,Bouaké,-5.03057,7.69053,0.0500700543653
Yamoussoukro,-5.28043,6.82171,San-Pédro,-6.64697,4.78201,0.0495444840109
Aboisso,-3.21777,5.46663,Soubré,-6.61003,5.78716,0.049330390288
Sinfra,-5.60494,6.65109,San-Pédro,-6.64697,4.78201,0.0490986412668
San-Pédro,-6.64697,4.78201,Yamoussoukro,-5.28043,6.82171,0.048967806214
Katiola,-5.10431,8.14015,Soubré,-6.61003,5.78716,0.0475263904895
Soubré,-6.61003,5.78716,Aboisso,-3.21777,5.46663,0.0471665940941
Soubré,-6.61003,5.78716,Bouaké,-5.03057,7.69053,0.0462037298769
Abidjan,-4.01619,5.35806,Biankouma,-7.61199,7.7302,0.0454274542863
Abidjan,-4.01619,5.35806,Sakassou,-5.29125,7.45502,0.045208528587
Soubré,-6.61003,5.78716,Divo,-5.3488,5.83568,0.0451280575957
Abengourou,-3.48846,6.73033,Bongouanou,-4.28993,6.70145,0.0449749211133
Sakassou,-5.29125,7.45502,Abidjan,-4.01619,5.35806,0.0447143660791
Bouaké,-5.03057,7.69053,Soubré,-6.61003,5.78716,0.0445995137173
Issia,-6.58969,6.48765,Soubré,-6.61003,5.78716,0.0445513797987
Yamoussoukro,-5.28043,6.82171,Bouaké,-5.03057,7.69053,0.0445322377384
Katiola,-5.10431,8.14015,Oumé,-5.42403,6.37948,0.0444532535091
Yamoussoukro,-5.28043,6.82171,Toumodi,-5.01937,6.55231,0.0441382458179
Aboisso,-3.21777,5.46663,Bongouanou,-4.28993,6.70145,0.0432092054354
Korhogo,-5.63851,9.46045,Man,-7.55206,7.40854,0.0427362292855
Abengourou,-3.48846,6.73033,Aboisso,-3.21777,5.46663,0.0425290118367
Vavoua,-6.52003,7.60752,Daloa,-6.44747,6.88647,0.0416971685176
Bongouanou,-4.28993,6.70145,Abengourou,-3.48846,6.73033,0.0416360254318
Divo,-5.3488,5.83568,Soubré,-6.61003,5.78716,0.0415232173678
Aboisso,-3.21777,5.46663,Abengourou,-3.48846,6.73033,0.0414962698072
Duékoué,-7.37356,6.74746,Daloa,-6.44747,6.88647,0.0412394316778
Toumodi,-5.01937,6.55231,Yamoussoukro,-5.28043,6.82171,0.0409866821439
Man,-7.55206,7.40854,Korhogo,-5.63851,9.46045,0.0408919010686
Korhogo,-5.63851,9.46045,Touba,-7.6801,8.28373,0.04085510371
Biankouma,-7.61199,7.7302,Abidjan,-4.01619,5.35806,0.0406965777156
Bongouanou,-4.28993,6.70145,Aboisso,-3.21777,5.46663,0.0406949051083
Abidjan,-4.01619,5.35806,Tengréla,-6.40946,10.48666,0.040603097557
Bouaké,-5.03057,7.69053,Yamoussoukro,-5.28043,6.82171,0.0405802385918
Vavoua,-6.52003,7.60752,Séguéla,-6.66878,7.9727,0.0401223159068
Daloa,-6.44747,6.88647,Vavoua,-6.52003,7.60752,0.0399334971373
Touba,-7.6801,8.28373,Korhogo,-5.63851,9.46045,0.0393934308538
Gagnoa,-5.94911,6.12607,Divo,-5.3488,5.83568,0.0392183646325
Guiglo,-7.50574,6.54414,Soubré,-6.61003,5.78716,0.0391403096293
Tengréla,-6.40946,10.48666,Abidjan,-4.01619,5.35806,0.038943313669
Bondoukou,-2.79431,8.03786,Soubré,-6.61003,5.78716,0.0386675193247
Divo,-5.3488,5.83568,Agboville,-4.23258,5.94306,0.0385207015807
Séguéla,-6.66878,7.9727,Vavoua,-6.52003,7.60752,0.0381358160771
Soubré,-6.61003,5.78716,Bondoukou,-2.79431,8.03786,0.0380503272642
Agnibilékrou,-3.20092,7.12627,Abengourou,-3.48846,6.73033,0.0376700878918
Daloa,-6.44747,6.88647,Bouaké,-5.03057,7.69053,0.0375145354213
Agnibilékrou,-3.20092,7.12627,Soubré,-6.61003,5.78716,0.0370584711887
Daloa,-6.44747,6.88647,Duékoué,-7.37356,6.74746,0.0367311977113
Abengourou,-3.48846,6.73033,Yamoussoukro,-5.28043,6.82171,0.0367176310084
Soubré,-6.61003,5.78716,Guiglo,-7.50574,6.54414,0.0365468392277
Abengourou,-3.48846,6.73033,Lakota,-5.6824,5.85397,0.0363674985657
Divo,-5.3488,5.83568,Gagnoa,-5.94911,6.12607,0.0362309023103
Bouaké,-5.03057,7.69053,Daloa,-6.44747,6.88647,0.0361455993426
Zuénoula,-6.04692,7.42862,Daloa,-6.44747,6.88647,0.0361047133885
Daloa,-6.44747,6.88647,Zuénoula,-6.04692,7.42862,0.036096722043
Abengourou,-3.48846,6.73033,Korhogo,-5.63851,9.46045,0.0359445147869
Korhogo,-5.63851,9.46045,Abengourou,-3.48846,6.73033,0.0355282214368
Yamoussoukro,-5.28043,6.82171,Abengourou,-3.48846,6.73033,0.0353223049048
Adzopé,-3.85683,6.10201,Yamoussoukro,-5.28043,6.82171,0.0351267957065
Abengourou,-3.48846,6.73033,Agnibilékrou,-3.20092,7.12627,0.0350989189196
Lakota,-5.6824,5.85397,Abengourou,-3.48846,6.73033,0.0350316429407
Oumé,-5.42403,6.37948,Divo,-5.3488,5.83568,0.0347930176454
Sassandra,-6.07215,5.24013,Yamoussoukro,-5.28043,6.82171,0.0345711184223
Yamoussoukro,-5.28043,6.82171,Sassandra,-6.07215,5.24013,0.0344497614769
Yamoussoukro,-5.28043,6.82171,Adzopé,-3.85683,6.10201,0.0343471749014
Duékoué,-7.37356,6.74746,Soubré,-6.61003,5.78716,0.0342759961723
Divo,-5.3488,5.83568,Yamoussoukro,-5.28043,6.82171,0.0340667344258
Tabou,-7.35449,4.42302,San-Pédro,-6.64697,4.78201,0.0338071086178
Korhogo,-5.63851,9.46045,Soubré,-6.61003,5.78716,0.0337535851871
Danané,-8.15638,7.25993,Tiassalé,-4.76305,5.86529,0.0336595474928
Agboville,-4.23258,5.94306,Divo,-5.3488,5.83568,0.0334887557122
Yamoussoukro,-5.28043,6.82171,Divo,-5.3488,5.83568,0.0333807796245
Ferkessédougou,-5.18851,9.61638,Yamoussoukro,-5.28043,6.82171,0.0331382515791
Divo,-5.3488,5.83568,Oumé,-5.42403,6.37948,0.0330538778376
Tabou,-7.35449,4.42302,Lakota,-5.6824,5.85397,0.032921741868
Soubré,-6.61003,5.78716,Duékoué,-7.37356,6.74746,0.0329148655939
Soubré,-6.61003,5.78716,Korhogo,-5.63851,9.46045,0.0328479613055
Oumé,-5.42403,6.37948,Soubré,-6.61003,5.78716,0.0328065178158
Danané,-8.15638,7.25993,Man,-7.55206,7.40854,0.0327539236113
Aboisso,-3.21777,5.46663,Bouaké,-5.03057,7.69053,0.0326860900967
Guiglo,-7.50574,6.54414,Duékoué,-7.37356,6.74746,0.0324625182663
Yamoussoukro,-5.28043,6.82171,Ferkessédougou,-5.18851,9.61638,0.032450995861
Soubré,-6.61003,5.78716,Agnibilékrou,-3.20092,7.12627,0.0319914005688
Tiassalé,-4.76305,5.86529,Danané,-8.15638,7.25993,0.0318769198975
Bongouanou,-4.28993,6.70145,Soubré,-6.61003,5.78716,0.0317048272002
Bouaké,-5.03057,7.69053,Aboisso,-3.21777,5.46663,0.0315797533499
Soubré,-6.61003,5.78716,Bongouanou,-4.28993,6.70145,0.0315247431572
Aboisso,-3.21777,5.46663,Daloa,-6.44747,6.88647,0.0314989106681
Daloa,-6.44747,6.88647,Aboisso,-3.21777,5.46663,0.0314866448819
Man,-7.55206,7.40854,Danané,-8.15638,7.25993,0.0313593408887
Soubré,-6.61003,5.78716,Oumé,-5.42403,6.37948,0.0313128795773
Aboisso,-3.21777,5.46663,Gagnoa,-5.94911,6.12607,0.0313034014698
Daloa,-6.44747,6.88647,Man,-7.55206,7.40854,0.0311762833218
Yamoussoukro,-5.28043,6.82171,Gagnoa,-5.94911,6.12607,0.0311130959383
San-Pédro,-6.64697,4.78201,Bouaké,-5.03057,7.69053,0.0308099823428
Bongouanou,-4.28993,6.70145,Séguéla,-6.66878,7.9727,0.0301533910903
Duékoué,-7.37356,6.74746,Guiglo,-7.50574,6.54414,0.0298939511275
Yamoussoukro,-5.28043,6.82171,Mbahiakro,-4.33814,7.4528,0.0296949108695
San-Pédro,-6.64697,4.78201,Gagnoa,-5.94911,6.12607,0.0296696359162
Sinfra,-5.60494,6.65109,Soubré,-6.61003,5.78716,0.0296365554624
Gagnoa,-5.94911,6.12607,Yamoussoukro,-5.28043,6.82171,0.0296196435451
San-Pédro,-6.64697,4.78201,Divo,-5.3488,5.83568,0.029560544757
Bouaflé,-5.75333,6.98814,Soubré,-6.61003,5.78716,0.0294466216215
Man,-7.55206,7.40854,Daloa,-6.44747,6.88647,0.0293035207824
Daloa,-6.44747,6.88647,Bondoukou,-2.79431,8.03786,0.0292682101858
Toumodi,-5.01937,6.55231,Aboisso,-3.21777,5.46663,0.0291615350148
Bouaké,-5.03057,7.69053,San-Pédro,-6.64697,4.78201,0.0291468532404
Guiglo,-7.50574,6.54414,Abengourou,-3.48846,6.73033,0.0290918430477
Gagnoa,-5.94911,6.12607,Aboisso,-3.21777,5.46663,0.0290641521062
Bondoukou,-2.79431,8.03786,Daloa,-6.44747,6.88647,0.0288034112267
Abengourou,-3.48846,6.73033,Guiglo,-7.50574,6.54414,0.0285449004901
Sassandra,-6.07215,5.24013,Aboisso,-3.21777,5.46663,0.0285413694304
Guiglo,-7.50574,6.54414,Daloa,-6.44747,6.88647,0.0280267639455
Abengourou,-3.48846,6.73033,Daloa,-6.44747,6.88647,0.0279351422394
Soubré,-6.61003,5.78716,Bouaflé,-5.75333,6.98814,0.0278628484389
Bouaké,-5.03057,7.69053,Dimbokro,-4.71218,6.66604,0.0278429629977
Daloa,-6.44747,6.88647,Abengourou,-3.48846,6.73033,0.0277831208286
Soubré,-6.61003,5.78716,Sinfra,-5.60494,6.65109,0.0276424359777
Issia,-6.58969,6.48765,Gagnoa,-5.94911,6.12607,0.0273958193369
Gagnoa,-5.94911,6.12607,Issia,-6.58969,6.48765,0.0273776065028
Bouna,-3.00774,9.26474,Soubré,-6.61003,5.78716,0.0273320744176
Issia,-6.58969,6.48765,Agboville,-4.23258,5.94306,0.0272545769502
Séguéla,-6.66878,7.9727,Bongouanou,-4.28993,6.70145,0.0272527184978
Daloa,-6.44747,6.88647,Gagnoa,-5.94911,6.12607,0.0272471431404
Agboville,-4.23258,5.94306,Issia,-6.58969,6.48765,0.0271540346724
Daloa,-6.44747,6.88647,Guiglo,-7.50574,6.54414,0.0270849002411
Bouaké,-5.03057,7.69053,Korhogo,-5.63851,9.46045,0.0270793248837
Abidjan,-4.01619,5.35806,Bangolo,-7.48992,7.01069,0.0270653864903
Korhogo,-5.63851,9.46045,Bouaké,-5.03057,7.69053,0.0267295641316
Bangolo,-7.48992,7.01069,Abidjan,-4.01619,5.35806,0.0266230748059
Gagnoa,-5.94911,6.12607,Daloa,-6.44747,6.88647,0.0266161985318
Gagnoa,-5.94911,6.12607,San-Pédro,-6.64697,4.78201,0.026574755042
Daloa,-6.44747,6.88647,Divo,-5.3488,5.83568,0.0265585865057
Guiglo,-7.50574,6.54414,San-Pédro,-6.64697,4.78201,0.0265329398618
Abengourou,-3.48846,6.73033,Bondoukou,-2.79431,8.03786,0.0265110101228
Agboville,-4.23258,5.94306,Bondoukou,-2.79431,8.03786,0.0263381740444
Dimbokro,-4.71218,6.66604,Bouaké,-5.03057,7.69053,0.0261248237026
Aboisso,-3.21777,5.46663,Sassandra,-6.07215,5.24013,0.0260566184974
Aboisso,-3.21777,5.46663,Toumodi,-5.01937,6.55231,0.0259768908871
Bondoukou,-2.79431,8.03786,Agboville,-4.23258,5.94306,0.0258817381214
Soubré,-6.61003,5.78716,Bouna,-3.00774,9.26474,0.0255782528354
San-Pédro,-6.64697,4.78201,Guiglo,-7.50574,6.54414,0.0253323795755
Yamoussoukro,-5.28043,6.82171,Séguéla,-6.66878,7.9727,0.0253072904674
Mbahiakro,-4.33814,7.4528,Yamoussoukro,-5.28043,6.82171,0.025283502276
Divo,-5.3488,5.83568,San-Pédro,-6.64697,4.78201,0.0252299788452
Zuénoula,-6.04692,7.42862,Issia,-6.58969,6.48765,0.0252056331181
San-Pédro,-6.64697,4.78201,Issia,-6.58969,6.48765,0.0251134538763
Séguéla,-6.66878,7.9727,Yamoussoukro,-5.28043,6.82171,0.0249510251317
Bondoukou,-2.79431,8.03786,Abengourou,-3.48846,6.73033,0.0247609054455
Oumé,-5.42403,6.37948,Yamoussoukro,-5.28043,6.82171,0.0246064680464
Divo,-5.3488,5.83568,Daloa,-6.44747,6.88647,0.0245860250694
San-Pédro,-6.64697,4.78201,Tabou,-7.35449,4.42302,0.024279194569
Bouaflé,-5.75333,6.98814,Bouaké,-5.03057,7.69053,0.0242206533167
Yamoussoukro,-5.28043,6.82171,Oumé,-5.42403,6.37948,0.0241182525864
Sassandra,-6.07215,5.24013,San-Pédro,-6.64697,4.78201,0.0240866588946
Issia,-6.58969,6.48765,Zuénoula,-6.04692,7.42862,0.0237997138355
Adzopé,-3.85683,6.10201,Aboisso,-3.21777,5.46663,0.0237863329778
Tanda,-3.16623,7.79708,Bondoukou,-2.79431,8.03786,0.0234053502244
Aboisso,-3.21777,5.46663,Adzopé,-3.85683,6.10201,0.0233995890218
Bouaflé,-5.75333,6.98814,Yamoussoukro,-5.28043,6.82171,0.0233217198639
Béoumi,-5.57956,7.67321,Bouaké,-5.03057,7.69053,0.0231853094537
Lakota,-5.6824,5.85397,Tabou,-7.35449,4.42302,0.0228727177507
Bongouanou,-4.28993,6.70145,Korhogo,-5.63851,9.46045,0.0227478297457
Toumodi,-5.01937,6.55231,Soubré,-6.61003,5.78716,0.0226069590496
Daoukro,-3.95791,7.06798,Bongouanou,-4.28993,6.70145,0.0225223994628
Bondoukou,-2.79431,8.03786,Tanda,-3.16623,7.79708,0.0225144081173
Abengourou,-3.48846,6.73033,Bouaké,-5.03057,7.69053,0.0225064167717
Issia,-6.58969,6.48765,San-Pédro,-6.64697,4.78201,0.0224580970079
Yamoussoukro,-5.28043,6.82171,Bouaflé,-5.75333,6.98814,0.0224365389594
Bouaké,-5.03057,7.69053,Bouaflé,-5.75333,6.98814,0.0223744666474
Soubré,-6.61003,5.78716,Agboville,-4.23258,5.94306,0.0223478907773
Bongouanou,-4.28993,6.70145,Daoukro,-3.95791,7.06798,0.0223233592048
Soubré,-6.61003,5.78716,Zuénoula,-6.04692,7.42862,0.0222599859761
Bongouanou,-4.28993,6.70145,Bouaké,-5.03057,7.69053,0.0222467909637
Bouaflé,-5.75333,6.98814,Bongouanou,-4.28993,6.70145,0.0222194717126
Yamoussoukro,-5.28043,6.82171,Agboville,-4.23258,5.94306,0.0222148255814
Bouaké,-5.03057,7.69053,Béoumi,-5.57956,7.67321,0.0221731962464
Agboville,-4.23258,5.94306,Soubré,-6.61003,5.78716,0.0221527532694
Guiglo,-7.50574,6.54414,Man,-7.55206,7.40854,0.0219743418337
Séguéla,-6.66878,7.9727,Daloa,-6.44747,6.88647,0.0219319691177
Soubré,-6.61003,5.78716,Danané,-8.15638,7.25993,0.0219187741053
Korhogo,-5.63851,9.46045,Bongouanou,-4.28993,6.70145,0.0218321702209
Danané,-8.15638,7.25993,Gagnoa,-5.94911,6.12607,0.0218126564701
Bongouanou,-4.28993,6.70145,Bouaflé,-5.75333,6.98814,0.0217559736702
Zuénoula,-6.04692,7.42862,Soubré,-6.61003,5.78716,0.021734601467
Abengourou,-3.48846,6.73033,Dimbokro,-4.71218,6.66604,0.0217123000375
Agboville,-4.23258,5.94306,Yamoussoukro,-5.28043,6.82171,0.0216912995247
Bouaké,-5.03057,7.69053,Bongouanou,-4.28993,6.70145,0.0216520861779
Soubré,-6.61003,5.78716,Toumodi,-5.01937,6.55231,0.021616589736
Danané,-8.15638,7.25993,Divo,-5.3488,5.83568,0.0215734736391
Biankouma,-7.61199,7.7302,Man,-7.55206,7.40854,0.0214617806465
San-Pédro,-6.64697,4.78201,Abengourou,-3.48846,6.73033,0.0214530459199
Tabou,-7.35449,4.42302,Yamoussoukro,-5.28043,6.82171,0.0214010092512
Daloa,-6.44747,6.88647,Séguéla,-6.66878,7.9727,0.0212069868148
Yamoussoukro,-5.28043,6.82171,Tabou,-7.35449,4.42302,0.0211006833344
Soubré,-6.61003,5.78716,Tiassalé,-4.76305,5.86529,0.0210293187601
Dimbokro,-4.71218,6.66604,Abengourou,-3.48846,6.73033,0.0208516507053
Soubré,-6.61003,5.78716,Vavoua,-6.52003,7.60752,0.0208449602765
Man,-7.55206,7.40854,Guiglo,-7.50574,6.54414,0.0208100213703
Odienné,-7.56496,9.50707,Bouaké,-5.03057,7.69053,0.0207063197233
Gagnoa,-5.94911,6.12607,Danané,-8.15638,7.25993,0.0206449907923
Toumodi,-5.01937,6.55231,San-Pédro,-6.64697,4.78201,0.0206141404815
Bouaké,-5.03057,7.69053,Abengourou,-3.48846,6.73033,0.0205710243846
Abengourou,-3.48846,6.73033,San-Pédro,-6.64697,4.78201,0.0205087662273
Duékoué,-7.37356,6.74746,Man,-7.55206,7.40854,0.020418445438
Vavoua,-6.52003,7.60752,Soubré,-6.61003,5.78716,0.020167182666
Sassandra,-6.07215,5.24013,Gagnoa,-5.94911,6.12607,0.0201608639276
San-Pédro,-6.64697,4.78201,Toumodi,-5.01937,6.55231,0.0200554896734
Man,-7.55206,7.40854,Biankouma,-7.61199,7.7302,0.0200172055528
San-Pédro,-6.64697,4.78201,Sassandra,-6.07215,5.24013,0.0197880583651
Sassandra,-6.07215,5.24013,Daloa,-6.44747,6.88647,0.0197007110997
Danané,-8.15638,7.25993,Soubré,-6.61003,5.78716,0.0196683740269
Tiassalé,-4.76305,5.86529,Soubré,-6.61003,5.78716,0.019562442237
Yamoussoukro,-5.28043,6.82171,Issia,-6.58969,6.48765,0.0194749091263
Sassandra,-6.07215,5.24013,Divo,-5.3488,5.83568,0.0194665460903
Yamoussoukro,-5.28043,6.82171,Bongouanou,-4.28993,6.70145,0.0193905353848
Gagnoa,-5.94911,6.12607,Bouaké,-5.03057,7.69053,0.0192515231412
Abengourou,-3.48846,6.73033,Agboville,-4.23258,5.94306,0.0190885368608
Soubré,-6.61003,5.78716,Odienné,-7.56496,9.50707,0.0190773861461
Divo,-5.3488,5.83568,Danané,-8.15638,7.25993,0.0190117827744
Bouaké,-5.03057,7.69053,Gagnoa,-5.94911,6.12607,0.01900843756
Bouaké,-5.03057,7.69053,Odienné,-7.56496,9.50707,0.0189991452977
Yamoussoukro,-5.28043,6.82171,Katiola,-5.10431,8.14015,0.0189305684021
Daloa,-6.44747,6.88647,Sassandra,-6.07215,5.24013,0.0187932287656
Bondoukou,-2.79431,8.03786,Bouaké,-5.03057,7.69053,0.0186235520565
Ferkessédougou,-5.18851,9.61638,Bondoukou,-2.79431,8.03786,0.0185648249589
San-Pédro,-6.64697,4.78201,Korhogo,-5.63851,9.46045,0.0185224522429
Man,-7.55206,7.40854,Zuénoula,-6.04692,7.42862,0.0184811945984
Dabakala,-4.42611,8.36482,San-Pédro,-6.64697,4.78201,0.0183518463075
Daloa,-6.44747,6.88647,Tiassalé,-4.76305,5.86529,0.0183163498656
Guiglo,-7.50574,6.54414,Aboisso,-3.21777,5.46663,0.018265985804
Odienné,-7.56496,9.50707,Soubré,-6.61003,5.78716,0.0182249140048
Divo,-5.3488,5.83568,Katiola,-5.10431,8.14015,0.0181903467891
Zuénoula,-6.04692,7.42862,Man,-7.55206,7.40854,0.0181119200955
Bondoukou,-2.79431,8.03786,Ferkessédougou,-5.18851,9.61638,0.0180870168326
Daloa,-6.44747,6.88647,Agboville,-4.23258,5.94306,0.0180398121402
Daloa,-6.44747,6.88647,Ferkessédougou,-5.18851,9.61638,0.0180301481874
Man,-7.55206,7.40854,Duékoué,-7.37356,6.74746,0.0180189974727
Oumé,-5.42403,6.37948,Daloa,-6.44747,6.88647,0.0180065458412
Katiola,-5.10431,8.14015,Yamoussoukro,-5.28043,6.82171,0.0180033864721
Bongouanou,-4.28993,6.70145,Yamoussoukro,-5.28043,6.82171,0.0179769964472
Issia,-6.58969,6.48765,Yamoussoukro,-5.28043,6.82171,0.0179569251607
Ferkessédougou,-5.18851,9.61638,Daloa,-6.44747,6.88647,0.0179437301482
Adzopé,-3.85683,6.10201,Bongouanou,-4.28993,6.70145,0.0179178976591
Korhogo,-5.63851,9.46045,Yamoussoukro,-5.28043,6.82171,0.0178086206547
Yamoussoukro,-5.28043,6.82171,Korhogo,-5.63851,9.46045,0.0178084348095
Agboville,-4.23258,5.94306,Daloa,-6.44747,6.88647,0.0177318665683
Aboisso,-3.21777,5.46663,Divo,-5.3488,5.83568,0.0177296364254
San-Pédro,-6.64697,4.78201,Dabakala,-4.42611,8.36482,0.0176212886472
Ferkessédougou,-5.18851,9.61638,Sassandra,-6.07215,5.24013,0.017621102802
Bongouanou,-4.28993,6.70145,Divo,-5.3488,5.83568,0.0175629332401
Agboville,-4.23258,5.94306,Abengourou,-3.48846,6.73033,0.0175449062513
Sassandra,-6.07215,5.24013,Ferkessédougou,-5.18851,9.61638,0.0175263217267
Yamoussoukro,-5.28043,6.82171,Odienné,-7.56496,9.50707,0.0173953008286
Yamoussoukro,-5.28043,6.82171,Tiassalé,-4.76305,5.86529,0.017391026388
Soubré,-6.61003,5.78716,Biankouma,-7.61199,7.7302,0.0172577753469
Divo,-5.3488,5.83568,Bongouanou,-4.28993,6.70145,0.0172512707633
Guiglo,-7.50574,6.54414,Dabakala,-4.42611,8.36482,0.0172352880722
Katiola,-5.10431,8.14015,Divo,-5.3488,5.83568,0.0171261969131
Bouaké,-5.03057,7.69053,Bondoukou,-2.79431,8.03786,0.0169561485134
Daloa,-6.44747,6.88647,Oumé,-5.42403,6.37948,0.016869544629
San-Pédro,-6.64697,4.78201,Man,-7.55206,7.40854,0.0168663852598
Korhogo,-5.63851,9.46045,San-Pédro,-6.64697,4.78201,0.0168654560336
Yamoussoukro,-5.28043,6.82171,Boundiali,-6.48503,9.52319,0.0168626683549
Biankouma,-7.61199,7.7302,Soubré,-6.61003,5.78716,0.0168580222237
Agboville,-4.23258,5.94306,Bouaké,-5.03057,7.69053,0.0168078440074
Tiassalé,-4.76305,5.86529,Yamoussoukro,-5.28043,6.82171,0.0167879585662
Bongouanou,-4.28993,6.70145,Adzopé,-3.85683,6.10201,0.0167652854462
Agboville,-4.23258,5.94306,Adzopé,-3.85683,6.10201,0.0167626836128
Lakota,-5.6824,5.85397,San-Pédro,-6.64697,4.78201,0.0166022991659
Man,-7.55206,7.40854,Aboisso,-3.21777,5.46663,0.016556952926
Tiassalé,-4.76305,5.86529,Daloa,-6.44747,6.88647,0.0165404126991
San-Pédro,-6.64697,4.78201,Lakota,-5.6824,5.85397,0.0165296336749
Odienné,-7.56496,9.50707,Yamoussoukro,-5.28043,6.82171,0.0165184829601
Oumé,-5.42403,6.37948,Aboisso,-3.21777,5.46663,0.016470720732
Bongouanou,-4.28993,6.70145,Dimbokro,-4.71218,6.66604,0.0164012146102
Divo,-5.3488,5.83568,Aboisso,-3.21777,5.46663,0.0163885771335
Sassandra,-6.07215,5.24013,Dabakala,-4.42611,8.36482,0.0162893357724
Ferkessédougou,-5.18851,9.61638,Gagnoa,-5.94911,6.12607,0.0162858047127
Man,-7.55206,7.40854,Bouaké,-5.03057,7.69053,0.0162700078668
Adzopé,-3.85683,6.10201,Agboville,-4.23258,5.94306,0.0162648042
Soubré,-6.61003,5.78716,Mbahiakro,-4.33814,7.4528,0.0162215022577
Bongouanou,-4.28993,6.70145,Bondoukou,-2.79431,8.03786,0.0162153693646
Vavoua,-6.52003,7.60752,Adzopé,-3.85683,6.10201,0.0160692950016
Dimbokro,-4.71218,6.66604,Bongouanou,-4.28993,6.70145,0.0160585159774
Aboisso,-3.21777,5.46663,Oumé,-5.42403,6.37948,0.0159585312353
Issia,-6.58969,6.48765,Sakassou,-5.29125,7.45502,0.0159577878543
Duékoué,-7.37356,6.74746,San-Pédro,-6.64697,4.78201,0.0159384599488
Gagnoa,-5.94911,6.12607,Sassandra,-6.07215,5.24013,0.0159152292931
Bouaké,-5.03057,7.69053,Agboville,-4.23258,5.94306,0.0159116982334
Adzopé,-3.85683,6.10201,Bouaké,-5.03057,7.69053,0.0158708122794
Aboisso,-3.21777,5.46663,Guiglo,-7.50574,6.54414,0.0158613341719
Aboisso,-3.21777,5.46663,Man,-7.55206,7.40854,0.0156115581618
Abengourou,-3.48846,6.73033,Séguéla,-6.66878,7.9727,0.0155966905422
Adzopé,-3.85683,6.10201,Vavoua,-6.52003,7.60752,0.0155717872793
Bouaflé,-5.75333,6.98814,Gagnoa,-5.94911,6.12607,0.0155260693489
Tanda,-3.16623,7.79708,Agnibilékrou,-3.20092,7.12627,0.0155130601817
Mbahiakro,-4.33814,7.4528,Soubré,-6.61003,5.78716,0.015501909467
Man,-7.55206,7.40854,San-Pédro,-6.64697,4.78201,0.0154654837988
San-Pédro,-6.64697,4.78201,Duékoué,-7.37356,6.74746,0.0154361202501
Séguéla,-6.66878,7.9727,Abengourou,-3.48846,6.73033,0.0153993228914
Yamoussoukro,-5.28043,6.82171,Lakota,-5.6824,5.85397,0.0153097454831
Bondoukou,-2.79431,8.03786,Bongouanou,-4.28993,6.70145,0.0152504608497
Toumodi,-5.01937,6.55231,Bouaké,-5.03057,7.69053,0.0152026986216
Yamoussoukro,-5.28043,6.82171,Man,-7.55206,7.40854,0.0151880168472
Grand-Lahou,-5.01351,5.27612,Bouaflé,-5.75333,6.98814,0.0151175814992
Oumé,-5.42403,6.37948,Dabakala,-4.42611,8.36482,0.0150986252841
Bouaké,-5.03057,7.69053,Adzopé,-3.85683,6.10201,0.0150374821983
Man,-7.55206,7.40854,Yamoussoukro,-5.28043,6.82171,0.0150159241499
Abengourou,-3.48846,6.73033,Man,-7.55206,7.40854,0.0149943661014
Dabakala,-4.42611,8.36482,Guiglo,-7.50574,6.54414,0.0149702062195
Bouaké,-5.03057,7.69053,Toumodi,-5.01937,6.55231,0.0149677902313
Divo,-5.3488,5.83568,Sassandra,-6.07215,5.24013,0.0149376833015
Guiglo,-7.50574,6.54414,Danané,-8.15638,7.25993,0.0149257892058
Agnibilékrou,-3.20092,7.12627,Sassandra,-6.07215,5.24013,0.0148438314525
Gagnoa,-5.94911,6.12607,Ferkessédougou,-5.18851,9.61638,0.0148324948925
Ferkessédougou,-5.18851,9.61638,San-Pédro,-6.64697,4.78201,0.0148133528322
Bouaké,-5.03057,7.69053,Man,-7.55206,7.40854,0.0147882637241
Sakassou,-5.29125,7.45502,Issia,-6.58969,6.48765,0.0147460768533
Bouaflé,-5.75333,6.98814,Abengourou,-3.48846,6.73033,0.0147458910081
Abengourou,-3.48846,6.73033,Bouaflé,-5.75333,6.98814,0.0147457051628
Boundiali,-6.48503,9.52319,Yamoussoukro,-5.28043,6.82171,0.0147384571983
Agnibilékrou,-3.20092,7.12627,Tanda,-3.16623,7.79708,0.0146460921112
San-Pédro,-6.64697,4.78201,Danané,-8.15638,7.25993,0.0146332687893
Adzopé,-3.85683,6.10201,Daloa,-6.44747,6.88647,0.0146072504549
Divo,-5.3488,5.83568,Bondoukou,-2.79431,8.03786,0.0145942412877
Yamoussoukro,-5.28043,6.82171,Dimbokro,-4.71218,6.66604,0.0145741700012
Agboville,-4.23258,5.94306,Bongouanou,-4.28993,6.70145,0.0145719398582
Man,-7.55206,7.40854,Abengourou,-3.48846,6.73033,0.0144992743672
Divo,-5.3488,5.83568,Abengourou,-3.48846,6.73033,0.0144912830217
Dimbokro,-4.71218,6.66604,Soubré,-6.61003,5.78716,0.0144864510453
Sinfra,-5.60494,6.65109,Daloa,-6.44747,6.88647,0.014468795747
Abengourou,-3.48846,6.73033,Divo,-5.3488,5.83568,0.0144684240565
Daloa,-6.44747,6.88647,Adzopé,-3.85683,6.10201,0.0144381312815
Ferkessédougou,-5.18851,9.61638,Divo,-5.3488,5.83568,0.0143496689446
Sassandra,-6.07215,5.24013,Agnibilékrou,-3.20092,7.12627,0.0143056236214
Bondoukou,-2.79431,8.03786,Divo,-5.3488,5.83568,0.0141352035312
San-Pédro,-6.64697,4.78201,Tiassalé,-4.76305,5.86529,0.0140850253149
Danané,-8.15638,7.25993,Guiglo,-7.50574,6.54414,0.0140775915051
Katiola,-5.10431,8.14015,Bouaké,-5.03057,7.69053,0.0140565909923
Divo,-5.3488,5.83568,Dabakala,-4.42611,8.36482,0.0140519448612
Daloa,-6.44747,6.88647,Mbahiakro,-4.33814,7.4528,0.0140231388481
Soubré,-6.61003,5.78716,Dimbokro,-4.71218,6.66604,0.0140197936337
San-Pédro,-6.64697,4.78201,Ferkessédougou,-5.18851,9.61638,0.0140127315144
Daloa,-6.44747,6.88647,Bongouanou,-4.28993,6.70145,0.0140056693951
Daloa,-6.44747,6.88647,Boundiali,-6.48503,9.52319,0.0139757483105
Ferkessédougou,-5.18851,9.61638,Aboisso,-3.21777,5.46663,0.0139506592024
Lakota,-5.6824,5.85397,Yamoussoukro,-5.28043,6.82171,0.0139322605231
Daloa,-6.44747,6.88647,Sinfra,-5.60494,6.65109,0.0139185079749
Divo,-5.3488,5.83568,Ferkessédougou,-5.18851,9.61638,0.0138664713061
Dimbokro,-4.71218,6.66604,Yamoussoukro,-5.28043,6.82171,0.0138408246623
Ferkessédougou,-5.18851,9.61638,Man,-7.55206,7.40854,0.0138367360669
Oumé,-5.42403,6.37948,San-Pédro,-6.64697,4.78201,0.0137715043857
Ferkessédougou,-5.18851,9.61638,Bouaké,-5.03057,7.69053,0.0137512472539
Bouaflé,-5.75333,6.98814,Grand-Lahou,-5.01351,5.27612,0.0137070160855
Daloa,-6.44747,6.88647,Odienné,-7.56496,9.50707,0.013705157633
Soubré,-6.61003,5.78716,Séguéla,-6.66878,7.9727,0.0136893607871
Bongouanou,-4.28993,6.70145,Agboville,-4.23258,5.94306,0.0136761657747
Mankono,-6.18272,8.05669,Gagnoa,-5.94911,6.12607,0.0136612981551
Odienné,-7.56496,9.50707,Daloa,-6.44747,6.88647,0.0136462446902
Man,-7.55206,7.40854,Gagnoa,-5.94911,6.12607,0.0136064738076
Boundiali,-6.48503,9.52319,Daloa,-6.44747,6.88647,0.0135956947834
Daloa,-6.44747,6.88647,Toumodi,-5.01937,6.55231,0.0135650303179
Bongouanou,-4.28993,6.70145,Daloa,-6.44747,6.88647,0.0135412421264
Aboisso,-3.21777,5.46663,Bouaflé,-5.75333,6.98814,0.0134906922196
Abengourou,-3.48846,6.73033,Ferkessédougou,-5.18851,9.61638,0.0134763821357
Yamoussoukro,-5.28043,6.82171,Danané,-8.15638,7.25993,0.0134488770394
San-Pédro,-6.64697,4.78201,Bouaflé,-5.75333,6.98814,0.0134226728598
Séguéla,-6.66878,7.9727,Soubré,-6.61003,5.78716,0.0133758398579
Gagnoa,-5.94911,6.12607,Bouaflé,-5.75333,6.98814,0.0133736097149
Zuénoula,-6.04692,7.42862,Korhogo,-5.63851,9.46045,0.0133262191773
Daoukro,-3.95791,7.06798,Divo,-5.3488,5.83568,0.0133252899511
Dimbokro,-4.71218,6.66604,Daloa,-6.44747,6.88647,0.0132104375894
Daoukro,-3.95791,7.06798,Bouaké,-5.03057,7.69053,0.0131704808616
Aboisso,-3.21777,5.46663,Ferkessédougou,-5.18851,9.61638,0.013163232897
Oumé,-5.42403,6.37948,Bouaké,-5.03057,7.69053,0.0131574716944
Bouaflé,-5.75333,6.98814,San-Pédro,-6.64697,4.78201,0.013151896337
Bongouanou,-4.28993,6.70145,San-Pédro,-6.64697,4.78201,0.0131126829902
Korhogo,-5.63851,9.46045,Zuénoula,-6.04692,7.42862,0.0130766290126
Daloa,-6.44747,6.88647,Dimbokro,-4.71218,6.66604,0.0130608321667
San-Pédro,-6.64697,4.78201,Vavoua,-6.52003,7.60752,0.0130366722848
Daoukro,-3.95791,7.06798,Bondoukou,-2.79431,8.03786,0.0130009899976
Korhogo,-5.63851,9.46045,Issia,-6.58969,6.48765,0.0129835205445
Bouaké,-5.03057,7.69053,Ferkessédougou,-5.18851,9.61638,0.0129699538416
Toumodi,-5.01937,6.55231,Daloa,-6.44747,6.88647,0.0129277669709
Tabou,-7.35449,4.42302,Soubré,-6.61003,5.78716,0.0129034212437
Danané,-8.15638,7.25993,Duékoué,-7.37356,6.74746,0.0128976600411
Grand-Lahou,-5.01351,5.27612,Tabou,-7.35449,4.42302,0.0128402338602
Yamoussoukro,-5.28043,6.82171,Vavoua,-6.52003,7.60752,0.0128114278472
Tabou,-7.35449,4.42302,Grand-Lahou,-5.01351,5.27612,0.0127807633816
Gagnoa,-5.94911,6.12607,Oumé,-5.42403,6.37948,0.0127398774276
Ferkessédougou,-5.18851,9.61638,Vavoua,-6.52003,7.60752,0.0127064252834
Agnibilékrou,-3.20092,7.12627,Daloa,-6.44747,6.88647,0.0126982480926
Gagnoa,-5.94911,6.12607,Man,-7.55206,7.40854,0.0126895133661
Gagnoa,-5.94911,6.12607,Mankono,-6.18272,8.05669,0.012681893711
Dimbokro,-4.71218,6.66604,Vavoua,-6.52003,7.60752,0.0126694420796
Divo,-5.3488,5.83568,Korhogo,-5.63851,9.46045,0.0126603356625
Bouaké,-5.03057,7.69053,Katiola,-5.10431,8.14015,0.0126144318869
Divo,-5.3488,5.83568,Daoukro,-3.95791,7.06798,0.0126045820889
San-Pédro,-6.64697,4.78201,Oumé,-5.42403,6.37948,0.0126021661007
Ferkessédougou,-5.18851,9.61638,Agboville,-4.23258,5.94306,0.012598635041
Ferkessédougou,-5.18851,9.61638,Korhogo,-5.63851,9.46045,0.012578935445
Ferkessédougou,-5.18851,9.61638,Abengourou,-3.48846,6.73033,0.0125772628378
Bondoukou,-2.79431,8.03786,Daoukro,-3.95791,7.06798,0.0125542180273
Soubré,-6.61003,5.78716,Boundiali,-6.48503,9.52319,0.0125443682293
Bouaflé,-5.75333,6.98814,Aboisso,-3.21777,5.46663,0.01245404744
Mbahiakro,-4.33814,7.4528,Daloa,-6.44747,6.88647,0.0124068427476
Issia,-6.58969,6.48765,Korhogo,-5.63851,9.46045,0.0124057276761
Tiassalé,-4.76305,5.86529,San-Pédro,-6.64697,4.78201,0.0123990372473
Agboville,-4.23258,5.94306,Ferkessédougou,-5.18851,9.61638,0.0123391950782
Vavoua,-6.52003,7.60752,San-Pédro,-6.64697,4.78201,0.0122799104449
Boundiali,-6.48503,9.52319,Soubré,-6.61003,5.78716,0.0122774944567
Lakota,-5.6824,5.85397,Divo,-5.3488,5.83568,0.012273963397
Korhogo,-5.63851,9.46045,Divo,-5.3488,5.83568,0.0122631843728
Tiassalé,-4.76305,5.86529,Korhogo,-5.63851,9.46045,0.0122540779558
Duékoué,-7.37356,6.74746,Zuénoula,-6.04692,7.42862,0.0122152362994
Oumé,-5.42403,6.37948,Gagnoa,-5.94911,6.12607,0.012169518369
Duékoué,-7.37356,6.74746,Danané,-8.15638,7.25993,0.0121137647954
Divo,-5.3488,5.83568,Lakota,-5.6824,5.85397,0.0121126497239
Korhogo,-5.63851,9.46045,Ferkessédougou,-5.18851,9.61638,0.0121113488072
Danané,-8.15638,7.25993,Yamoussoukro,-5.28043,6.82171,0.012108189438
Man,-7.55206,7.40854,Ferkessédougou,-5.18851,9.61638,0.0120697194722
Dabakala,-4.42611,8.36482,Divo,-5.3488,5.83568,0.0120455595903
Odienné,-7.56496,9.50707,Ferkessédougou,-5.18851,9.61638,0.0119561680271
Korhogo,-5.63851,9.46045,Tiassalé,-4.76305,5.86529,0.0119230875734
Agboville,-4.23258,5.94306,Odienné,-7.56496,9.50707,0.0118970692391
Vavoua,-6.52003,7.60752,Dimbokro,-4.71218,6.66604,0.0118468910228
Yamoussoukro,-5.28043,6.82171,Tanda,-3.16623,7.79708,0.0117784999724
Daloa,-6.44747,6.88647,Agnibilékrou,-3.20092,7.12627,0.0117783141272
San-Pédro,-6.64697,4.78201,Bongouanou,-4.28993,6.70145,0.0117745972222
Touba,-7.6801,8.28373,Abengourou,-3.48846,6.73033,0.0116974714453
Odienné,-7.56496,9.50707,Agboville,-4.23258,5.94306,0.0116961705286
Vavoua,-6.52003,7.60752,Yamoussoukro,-5.28043,6.82171,0.0116634617654
Agnibilékrou,-3.20092,7.12627,Bouaké,-5.03057,7.69053,0.0116575147175
Duékoué,-7.37356,6.74746,Bangolo,-7.48992,7.01069,0.0116446913956
Sassandra,-6.07215,5.24013,Mbahiakro,-4.33814,7.4528,0.0116294520855
Danané,-8.15638,7.25993,San-Pédro,-6.64697,4.78201,0.0115749994285
Divo,-5.3488,5.83568,Toumodi,-5.01937,6.55231,0.0115608751899
Aboisso,-3.21777,5.46663,Odienné,-7.56496,9.50707,0.0115298390339
Tanda,-3.16623,7.79708,Yamoussoukro,-5.28043,6.82171,0.0114902539966
Bondoukou,-2.79431,8.03786,Adzopé,-3.85683,6.10201,0.0114878380084
Bouaké,-5.03057,7.69053,Daoukro,-3.95791,7.06798,0.0114670233409
Abengourou,-3.48846,6.73033,Touba,-7.6801,8.28373,0.0114612621382
Lakota,-5.6824,5.85397,Soubré,-6.61003,5.78716,0.0114058802551
Bangolo,-7.48992,7.01069,Duékoué,-7.37356,6.74746,0.0113872957305
Odienné,-7.56496,9.50707,Aboisso,-3.21777,5.46663,0.0113819062184
Biankouma,-7.61199,7.7302,Bondoukou,-2.79431,8.03786,0.0113789326945
Ferkessédougou,-5.18851,9.61638,Odienné,-7.56496,9.50707,0.011377817623
Aboisso,-3.21777,5.46663,Bondoukou,-2.79431,8.03786,0.0113311704664
Bouaké,-5.03057,7.69053,Agnibilékrou,-3.20092,7.12627,0.0112880543694
Daloa,-6.44747,6.88647,Touba,-7.6801,8.28373,0.0112876826789
Abengourou,-3.48846,6.73033,Tanda,-3.16623,7.79708,0.0112629652612
Zuénoula,-6.04692,7.42862,Abengourou,-3.48846,6.73033,0.0112546022252
Soubré,-6.61003,5.78716,Lakota,-5.6824,5.85397,0.0112135304259
Agboville,-4.23258,5.94306,Korhogo,-5.63851,9.46045,0.0112083267591
Bondoukou,-2.79431,8.03786,Aboisso,-3.21777,5.46663,0.0111759896863
Dabakala,-4.42611,8.36482,Sassandra,-6.07215,5.24013,0.0111308292917
Adzopé,-3.85683,6.10201,Bondoukou,-2.79431,8.03786,0.0111263690058
Adzopé,-3.85683,6.10201,Gagnoa,-5.94911,6.12607,0.0110754474085
Vavoua,-6.52003,7.60752,Ferkessédougou,-5.18851,9.61638,0.0110685711344
Sassandra,-6.07215,5.24013,Toumodi,-5.01937,6.55231,0.0110481281574
Adzopé,-3.85683,6.10201,Divo,-5.3488,5.83568,0.0110315879305
Duékoué,-7.37356,6.74746,Issia,-6.58969,6.48765,0.011023596585
Boundiali,-6.48503,9.52319,Korhogo,-5.63851,9.46045,0.0109899585955
Daoukro,-3.95791,7.06798,Gagnoa,-5.94911,6.12607,0.0108929473774
Bouaké,-5.03057,7.69053,Oumé,-5.42403,6.37948,0.0108357070417
Abengourou,-3.48846,6.73033,Zuénoula,-6.04692,7.42862,0.0108332910535
Abengourou,-3.48846,6.73033,Gagnoa,-5.94911,6.12607,0.0108197243506
Abengourou,-3.48846,6.73033,Odienné,-7.56496,9.50707,0.0108135914575
Agnibilékrou,-3.20092,7.12627,Man,-7.55206,7.40854,0.0107905466471
Man,-7.55206,7.40854,Issia,-6.58969,6.48765,0.0107905466471
Gagnoa,-5.94911,6.12607,Adzopé,-3.85683,6.10201,0.0107766082536
Mbahiakro,-4.33814,7.4528,Sassandra,-6.07215,5.24013,0.0107399967403
Tanda,-3.16623,7.79708,Daloa,-6.44747,6.88647,0.0106942788099
Guiglo,-7.50574,6.54414,Gagnoa,-5.94911,6.12607,0.0106849865476
Divo,-5.3488,5.83568,Adzopé,-3.85683,6.10201,0.0106836856309
Toumodi,-5.01937,6.55231,Sassandra,-6.07215,5.24013,0.0106559946893
Dabakala,-4.42611,8.36482,Oumé,-5.42403,6.37948,0.0106422421411
Touba,-7.6801,8.28373,Daloa,-6.44747,6.88647,0.0105920639248
Gagnoa,-5.94911,6.12607,Guiglo,-7.50574,6.54414,0.0105597268521
Toumodi,-5.01937,6.55231,Divo,-5.3488,5.83568,0.0105571250187
Man,-7.55206,7.40854,Adzopé,-3.85683,6.10201,0.0105532222685
Korhogo,-5.63851,9.46045,Agboville,-4.23258,5.94306,0.0105465318397
Sassandra,-6.07215,5.24013,Man,-7.55206,7.40854,0.0105279473151
Toumodi,-5.01937,6.55231,Abengourou,-3.48846,6.73033,0.0105101061715
Sassandra,-6.07215,5.24013,Tabou,-7.35449,4.42302,0.0105080618738
Gagnoa,-5.94911,6.12607,Toumodi,-5.01937,6.55231,0.0105060175761
Yamoussoukro,-5.28043,6.82171,Touba,-7.6801,8.28373,0.0104268475015
Bondoukou,-2.79431,8.03786,Biankouma,-7.61199,7.7302,0.0104222013704
Daoukro,-3.95791,7.06798,Korhogo,-5.63851,9.46045,0.0104138383343
Bouaflé,-5.75333,6.98814,Odienné,-7.56496,9.50707,0.0103900501429
Zuénoula,-6.04692,7.42862,Duékoué,-7.37356,6.74746,0.0103491641889
Oumé,-5.42403,6.37948,Toumodi,-5.01937,6.55231,0.010345447284
Man,-7.55206,7.40854,Agnibilékrou,-3.20092,7.12627,0.0103162695804
Touba,-7.6801,8.28373,Yamoussoukro,-5.28043,6.82171,0.0103084640801
Bouaflé,-5.75333,6.98814,Korhogo,-5.63851,9.46045,0.0102974992106
Mankono,-6.18272,8.05669,Bouaké,-5.03057,7.69053,0.0102837466625
Bondoukou,-2.79431,8.03786,Korhogo,-5.63851,9.46045,0.0102577283281
Dabakala,-4.42611,8.36482,Bouaké,-5.03057,7.69053,0.010250108673
Sinfra,-5.60494,6.65109,Adzopé,-3.85683,6.10201,0.0102073642665
Katiola,-5.10431,8.14015,Daloa,-6.44747,6.88647,0.0101950984803
Toumodi,-5.01937,6.55231,Gagnoa,-5.94911,6.12607,0.0101804167059
Korhogo,-5.63851,9.46045,Bondoukou,-2.79431,8.03786,0.0101742838128
Sassandra,-6.07215,5.24013,Guiglo,-7.50574,6.54414,0.010157743586
Abengourou,-3.48846,6.73033,Toumodi,-5.01937,6.55231,0.0101406458234
Bouaflé,-5.75333,6.98814,Divo,-5.3488,5.83568,0.0101330261683
Divo,-5.3488,5.83568,Bouaflé,-5.75333,6.98814,0.0100912109881
Aboisso,-3.21777,5.46663,Agboville,-4.23258,5.94306,0.0100899100713
Issia,-6.58969,6.48765,Divo,-5.3488,5.83568,0.0100789452019
Mankono,-6.18272,8.05669,Daloa,-6.44747,6.88647,0.0100726264635
Adzopé,-3.85683,6.10201,Issia,-6.58969,6.48765,0.0100079523181
